"setting","model","n0","delta","rho","alpha","n_rep_run","mean_R","se_R","relative_MCSE","median_R","q90_R","PTS_25","PTS_100","censored_rate","mean_true_ooc","se_true_ooc","mean_false_ooc_at_alarm","precision_proxy","n_rep_fwer","fwer_hat","fwer_se"
"L1","normal_Z",,0.5,0,0.01,1000,53.173,1.64767408819247,0.0309870439544971,36,124,0.368,0.842,0,0.806,0.0131353163850947,0.208,0.794871794871795,10000,0.0045,0.000669342813497021
"L1","normal_Z",,0.5,0,0.05,1000,13.065,0.384804950396756,0.0294531152236323,9,30,0.851,1,0,0.792,0.0141044296210422,0.252,0.758620689655172,10000,0.0191,0.00136883394560371
"L1","normal_Z",,0.5,0.5,0.01,1000,55.998,1.74576736700504,0.0311755306797571,38.5,123,0.378,0.842,0,0.843,0.0115101469792302,0.221,0.792293233082707,10000,0.0046,0.000676705100453201
"L1","normal_Z",,0.5,0.5,0.05,1000,13.7,0.412849178810428,0.0301349765555057,10,30,0.85,0.999,0,0.827,0.01196721413756,0.342,0.707442258340462,10000,0.0223,0.00147664790959278
"L1","normal_Z",,0.5,0.9,0.01,1000,64.736,2.02100241334709,0.0312191425690047,44,152,0.327,0.784,0,0.963,0.00597215762238963,0.398,0.707567964731815,10000,0.0045,0.000669342813497033
"L1","normal_Z",,0.5,0.9,0.05,1000,16.727,0.522127463449385,0.0312146507711714,11,37,0.799,0.996,0,0.98,0.00442940398017835,0.534,0.647291941875826,10000,0.0237,0.00152120426184029
"L1","normal_Z",,1,0,0.01,1000,18.448,0.578686594085412,0.0313685274330774,13,43,0.746,0.995,0,0.958,0.009072944302613,0.065,0.936461388074291,10000,0.0031,0.000555940560663321
"L1","normal_Z",,1,0,0.05,1000,5.676,0.168063289475333,0.029609459033709,4,13,0.989,1,0,0.998,0.0120889264263681,0.115,0.896675651392633,10000,0.0172,0.00130022500303072
"L1","normal_Z",,1,0.5,0.01,1000,17.56,0.518029685206123,0.0295005515493236,12,41,0.754,1,0,0.964,0.00589395781616554,0.073,0.929604628736741,10000,0.004,0.00063122091535718
"L1","normal_Z",,1,0.5,0.05,1000,6.065,0.174875259417553,0.0288335135066039,4,13,0.988,1,0,0.96,0.00696049196885173,0.136,0.875912408759124,10000,0.0212,0.00144057749751721
"L1","normal_Z",,1,0.9,0.01,1000,18.566,0.589254499231753,0.0317383657886326,13,41,0.743,0.994,0,0.999,0.001,0.092,0.915673693858845,10000,0.0048,0.000691190114496345
"L1","normal_Z",,1,0.9,0.05,1000,5.927,0.161026707724528,0.0271683326682181,5,13,0.992,1,0,1,0,0.168,0.856164383561644,10000,0.0243,0.00153986626653488
"L2","cauchy_MW_exact_fast",20,0.5,0,0.01,1000,1263.708,261.435264335502,0.206879488248474,52.5,1515,0.37,0.595,0.001,0.74,0.014163354143726,0.266,0.73558648111332,10000,0.0042,0.000646744020291518
"L2","cauchy_MW_exact_fast",20,0.5,0,0.05,1000,50.745,5.39101818324259,0.106237426017196,9,108,0.732,0.891,0,0.757,0.0147026244992914,0.276,0.732817037754114,10000,0.0173,0.00130393290628853
"L2","cauchy_MW_exact_fast",20,0.5,0.5,0.01,1000,1236.389,305.986457366615,0.247483969338626,48.5,1004,0.384,0.618,0.001,0.823,0.0120754634203751,0.197,0.806862745098039,10000,0.0035,0.000590601287662095
"L2","cauchy_MW_exact_fast",20,0.5,0.5,0.05,1000,46.37,5.57265624254696,0.120178051381215,8,91,0.743,0.911,0,0.845,0.0115372487235088,0.218,0.794920037629351,10000,0.0174,0.00130762953067719
"L2","cauchy_MW_exact_fast",20,0.5,0.9,0.01,1000,2259.891,515.55826575714,0.228134129370461,54,1355,0.366,0.595,0.005,0.961,0.00612507277642613,0.143,0.870471014492754,10000,0.0037,0.000607180258890802
"L2","cauchy_MW_exact_fast",20,0.5,0.9,0.05,1000,47.906,5.49086721627711,0.114617526328166,9,82,0.724,0.919,0,0.976,0.00484225644172706,0.214,0.820168067226891,10000,0.0224,0.0014798793884301
"L2","cauchy_MW_exact_fast",20,1,0,0.01,1000,222.545,57.3661038754493,0.257773052081373,7,151,0.746,0.873,0,0.968,0.0101527867641884,0.07,0.932562620423892,10000,0.0034,0.000582132190991678
"L2","cauchy_MW_exact_fast",20,1,0,0.05,1000,12.966,2.73630630891648,0.211037043723314,2,13,0.945,0.985,0,1.07,0.0133145513359361,0.083,0.928013876843018,10000,0.0214,0.00144720884510304
"L2","cauchy_MW_exact_fast",20,1,0.5,0.01,1000,110.146,33.4510836548186,0.303697670862479,5,77,0.782,0.915,0,0.974,0.00658539044912045,0.044,0.956777996070727,10000,0.0032,0.000564807844129451
"L2","cauchy_MW_exact_fast",20,1,0.5,0.05,1000,8.666,1.85116375592525,0.21361224970289,2,11,0.963,0.99,0,1.031,0.00928036233802998,0.062,0.94327538883806,10000,0.0215,0.00145051211595758
"L2","cauchy_MW_exact_fast",20,1,0.9,0.01,1000,136.348,50.5245285468442,0.370555699730427,6,60,0.802,0.929,0,0.998,0.00141350557055781,0.02,0.980353634577603,10000,0.0051,0.000712355069452321
"L2","cauchy_MW_exact_fast",20,1,0.9,0.05,1000,6.175,1.01035102028166,0.163619598426179,2,8,0.974,0.994,0,1.019,0.0045452898323055,0.049,0.954119850187266,10000,0.0243,0.00153986626653488
"L2","cauchy_MW_exact_fast",50,0.5,0,0.01,1000,120.405,21.3554519104911,0.177363497450198,12,162,0.66,0.855,0,0.927,0.0100882492422013,0.094,0.907933398628795,10000,0.0038,0.000615299812600311
"L2","cauchy_MW_exact_fast",50,0.5,0,0.05,1000,16.059,2.42591025381394,0.151062348453449,3,27,0.888,0.974,0,0.977,0.0119420941887767,0.112,0.897153351698806,10000,0.0181,0.00133319793791999
"L2","cauchy_MW_exact_fast",50,0.5,0.5,0.01,1000,97.763,15.1666461020551,0.155136872866577,11,145,0.675,0.865,0,0.958,0.00634635929303384,0.06,0.941060903732809,10000,0.0036,0.000598948974443867
"L2","cauchy_MW_exact_fast",50,0.5,0.5,0.05,1000,10.257,1.46446769053353,0.142777390127087,3,18,0.932,0.991,0,0.968,0.00781262036944313,0.089,0.915799432355724,10000,0.0215,0.00145051211595757
"L2","cauchy_MW_exact_fast",50,0.5,0.9,0.01,1000,36.306,2.90081938719341,0.0798991733375587,10,87,0.735,0.917,0,0.998,0.00141350557055781,0.028,0.97270955165692,10000,0.007,0.000833768263339178
"L2","cauchy_MW_exact_fast",50,0.5,0.9,0.05,1000,5.989,0.346214880881431,0.0578084623278396,3,13,0.959,0.999,0,0.999,0.00100000000000001,0.058,0.945127719962157,10000,0.0259,0.00158844934358384
"L2","cauchy_MW_exact_fast",50,1,0,0.01,1000,3.812,0.572498393369284,0.150183209173474,1,5,0.983,0.996,0,1.241,0.0139683253868927,0.011,0.991214057507987,10000,0.0043,0.000654365203370367
"L2","cauchy_MW_exact_fast",50,1,0,0.05,1000,1.461,0.0417638985635107,0.0285858306389532,1,2,1,1,0,1.422,0.0164373412140221,0.048,0.96734693877551,10000,0.0308,0.00172784100641635
"L2","cauchy_MW_exact_fast",50,1,0.5,0.01,1000,2.324,0.248424513159914,0.106895229414765,1,4,0.995,0.999,0,1.162,0.0116572677713044,0.012,0.989778534923339,10000,0.0045,0.00066934281349703
"L2","cauchy_MW_exact_fast",50,1,0.5,0.05,1000,1.258,0.0258089539133632,0.020515861616346,1,2,1,1,0,1.382,0.0154374322448494,0.037,0.973925299506695,10000,0.0305,0.00171967169165316
"L2","cauchy_MW_exact_fast",50,1,0.9,0.01,1000,1.693,0.0479066388514791,0.0282968924107969,1,3,1,1,0,1.073,0.00823035471524408,0.005,0.995361781076067,10000,0.0046,0.00067670510045318
"L2","cauchy_MW_exact_fast",50,1,0.9,0.05,1000,1.092,0.0113870832817569,0.0104277319430008,1,1,1,1,0,1.31,0.0146326386586329,0.025,0.9812734082397,10000,0.0262,0.00159737633672109
"L2","cauchy_MW_exact_fast",100,0.5,0,0.01,1000,19.748,6.13563578796219,0.310696566131365,3,23,0.909,0.978,0,1.042,0.00929098069755403,0.029,0.972922502334267,10000,0.0032,0.000564807844129455
"L2","cauchy_MW_exact_fast",100,0.5,0,0.05,1000,3.634,0.290393478529341,0.0799101481918934,1,8,0.985,0.998,0,1.185,0.0138190435980919,0.04,0.96734693877551,10000,0.0219,0.00146364381777912
"L2","cauchy_MW_exact_fast",100,0.5,0.5,0.01,1000,8.307,0.736746595883927,0.0886898514366109,3,17,0.938,0.992,0,1.015,0.0053669175327933,0.019,0.981624758220503,10000,0.0045,0.000669342813497038
"L2","cauchy_MW_exact_fast",100,0.5,0.5,0.05,1000,2.361,0.0997829426086228,0.0422629998342324,1,5,0.997,1,0,1.099,0.0100648050304166,0.036,0.968281938325991,10000,0.027,0.00162091416684354
"L2","cauchy_MW_exact_fast",100,0.5,0.9,0.01,1000,5.56,0.29197542644827,0.0525135659079623,3,12,0.974,0.998,0,1.001,0.00100000000000001,0.019,0.981372549019608,10000,0.0045,0.000669342813497035
"L2","cauchy_MW_exact_fast",100,0.5,0.9,0.05,1000,1.817,0.0535946208437317,0.0294962140031545,1,3,1,1,0,1.021,0.00453647215130647,0.043,0.959586466165414,10000,0.0245,0.00154603170129264
"L2","cauchy_MW_exact_fast",100,1,0,0.01,1000,1.07,0.00985886388977959,0.00921389148577531,1,1,1,1,0,1.662,0.0149659607102245,0.009,0.994614003590664,10000,0.0084,0.000912703293918742
"L2","cauchy_MW_exact_fast",100,1,0,0.05,1000,1.011,0.00359052807980831,0.00355146199783215,1,1,1,1,0,1.851,0.0112661406846322,0.047,0.975237091675448,10000,0.0455,0.00208408477297189
"L2","cauchy_MW_exact_fast",100,1,0.5,0.01,1000,1.042,0.00750281895638521,0.00720040206946758,1,1,1,1,0,1.639,0.0151957201181751,0.007,0.995747266099636,10000,0.0069,0.000827833033137221
"L2","cauchy_MW_exact_fast",100,1,0.5,0.05,1000,1.004,0.00199699473909873,0.00198903858475969,1,1,1,1,0,1.839,0.0116281646967272,0.045,0.976114649681529,10000,0.0451,0.00207533845504042
"L2","cauchy_MW_exact_fast",100,1,0.9,0.01,1000,1.01,0.00345136377565621,0.00341719185708536,1,1,1,1,0,1.615,0.0153951944454108,0.007,0.995684340320592,10000,0.0055,0.000739614563790033
"L2","cauchy_MW_exact_fast",100,1,0.9,0.05,1000,1,0,0,1,1,1,1,0,1.818,0.0122075806376622,0.049,0.973754686663096,10000,0.0328,0.00178121679571219
