"inspection","regime","phase2_values","phase2_mean","KS_D","exact_KS_p","Qtilde"
1,"IC N(0,1)","0.423; -0.908; 0.890; 0.257; -0.085",0.115330888179844,0.34,0.550026032344481,0.578974770888927
2,"IC N(0,1)","0.400; -0.862; 0.773; 0.744; -0.460",0.118891422144566,0.28,0.775769157550996,0.804717896095442
3,"IC N(0,1)","1.166; 0.845; -0.783; 2.637; 1.193",1.01177813309721,0.62,0.0293313696347889,0.069567264439561
4,"IC N(0,1)","0.958; -0.484; -0.860; 0.093; 0.539",0.0491325008315464,0.22,0.940422819872186,0.943901183094164
5,"IC N(0,1)","1.399; 0.390; 1.280; 0.980; -0.857",0.638655232314259,0.48,0.165416519686498,0.212611578841207
6,"OOC N(1.5,1)","2.268; 2.340; 2.375; 1.256; 0.806",1.80895308480108,0.81,0.000880358650458905,0.0115109375925192
7,"OOC N(1.5,1)","-0.281; 1.455; 2.400; 0.080; 0.292",0.789091822436846,0.43,0.266747138373536,0.267322685253162
8,"OOC N(1.5,1)","1.027; 0.944; 0.781; 1.834; 0.815",1.08045632428283,0.81,0.000880358650458905,0.014246492913117
9,"OOC N(1.5,1)","1.128; 2.695; 3.522; 0.952; 1.417",1.94279008760507,0.85,0.000321124612194496,0.00103344925785035
