"n","scenario","change_time","chart","n_started","n_conditioned","prechange_signal_rate","mean_delay","sd_delay","se_delay","delay_ci_lower","delay_ci_upper","delay_censored_rate","delay_estimand","mean_postchange_observations","PTS_10","PTS_10_lower","PTS_10_upper","PTS_25","PTS_25_lower","PTS_25_upper","PTS_obs_50","PTS_obs_100","PTS_obs_200"
3,"cauchy",1,"Raw exact KS p",8000,8000,0,38.057375,39.7297167043519,0.444191736388698,37.1867591966782,38.9279908033218,0,"ECD",114.172125,0.2425,0.233233029027149,0.252014155274949,0.50275,0.491794742361161,0.513702617806487,0.358375,0.5965,0.831625
3,"cauchy",50,"Raw exact KS p",10000,7376,0.2624,39.0619577006508,39.3032895252101,0.45763417237386,38.164994722798,39.9589206785035,0,"ECD",117.185873101952,0.230748373101952,0.221275016999648,0.240502048784528,0.485086767895879,0.473691786555363,0.496497275497135,0.344495661605206,0.581480477223427,0.816838394793926
3,"cauchy",1,"Qtilde(0.95,1)",8000,8000,0,47.620875,50.9693645609779,0.569854819641576,46.5039595535025,48.7377904464975,0,"ECD",142.862625,0.21475,0.205889290810918,0.223884531799465,0.435375,0.424543753000253,0.446268283060031,0.31225,0.52025,0.75475
3,"cauchy",50,"Qtilde(0.95,1)",10000,7391,0.2609,49.7697199296442,51.0945713193806,0.594323849958578,48.6048451837253,50.934594675563,0,"ECD",149.309159788932,0.188066567446895,0.179320630206164,0.197136601818928,0.405087268299283,0.393947433375137,0.416325717032844,0.280070355838182,0.498038154512245,0.739548099039372
3,"cauchy",1,"p-EWMA(0.2)",8000,8000,0,37.931875,35.5239563945107,0.397169906639322,37.1534219829869,38.7103280170131,0,"ECD",113.795625,0.189625,0.181184567723606,0.198363373355088,0.48425,0.473308889538276,0.495206229501561,0.321125,0.591875,0.83825
3,"cauchy",50,"p-EWMA(0.2)",10000,7568,0.2432,39.052721987315,37.4137446200932,0.430071452606341,38.2097819402066,39.8956620344234,0,"ECD",117.158165961945,0.195031712473573,0.186260322279129,0.204112556096985,0.471194503171247,0.45996555969289,0.48245267578631,0.317521141649049,0.575184989429176,0.828488372093023
3,"cauchy",1,"KS-EWMA(0.2)",8000,8000,0,32.708125,31.6551289664585,0.353915101027619,32.0144514019859,33.4017985980141,0,"ECD",98.124375,0.2395,0.230274248073857,0.248975816045353,0.54625,0.535320639192292,0.557134963627234,0.3865,0.652625,0.879125
3,"cauchy",50,"KS-EWMA(0.2)",10000,7410,0.259,33.3968960863698,32.1724536522462,0.373744731999204,32.6643564116513,34.1294357610882,0,"ECD",100.190688259109,0.238326585695007,0.228762717142859,0.24816163473431,0.53306342780027,0.521689565393171,0.544403025524876,0.367881241565452,0.637651821862348,0.870985155195682
3,"cauchy",1,"Bakir Shew-KS",8000,8000,0,38.147625,39.6053330330646,0.442801084667252,37.2797348740522,39.0155151259478,0,"ECD",114.442875,0.2415,0.232246698800515,0.251001445440621,0.5015,0.490545225990432,0.512453334101011,0.35725,0.595625,0.830875
3,"cauchy",50,"Bakir Shew-KS",10000,7390,0.261,38.9893098782138,39.3985265850652,0.458308341036186,38.0910255297829,39.8875942266447,0,"ECD",116.967929634641,0.232205683355886,0.222719277413519,0.241970363760292,0.486738836265223,0.475352721505991,0.498138731164567,0.346549391069012,0.582002706359946,0.817997293640054
3,"normal_location",1,"Raw exact KS p",8000,8000,0,57.25125,75.0523249464832,0.839110502248698,55.6065934155925,58.8959065844074,0,"ECD",171.75375,0.20725,0.198509210194794,0.216271811958368,0.4235,0.412711523617675,0.434361911718677,0.304,0.502625,0.7245
3,"normal_location",50,"Raw exact KS p",10000,7379,0.2621,59.5969643583141,76.4970224201158,0.890524302241666,57.8515367259205,61.3423919907078,0,"ECD",178.790893074942,0.192302480010842,0.183471132814206,0.201454042879662,0.406017075484483,0.394863669305095,0.417268288124412,0.286895243257894,0.487057866919637,0.716086190540724
3,"normal_location",1,"Qtilde(0.95,1)",8000,8000,0,49.98725,66.5592093814349,0.744154583527651,48.5287070162858,51.4457929837142,0,"ECD",149.96175,0.25175,0.242359841970675,0.261378462895328,0.46825,0.457333232234995,0.479197245829439,0.350125,0.55525,0.7615
3,"normal_location",50,"Qtilde(0.95,1)",10000,7350,0.265,52.0619047619048,63.3329243373529,0.738730231165757,50.6139935088199,53.5098160149896,0,"ECD",156.185714285714,0.207619047619048,0.198500104500362,0.217043466631222,0.435918367346939,0.424618073219497,0.44728561314764,0.308707482993197,0.521360544217687,0.747619047619048
3,"normal_location",1,"p-EWMA(0.2)",8000,8000,0,38.4905,51.1971171341742,0.572401170820164,37.3685937051925,39.6124062948075,0,"ECD",115.4715,0.222125,0.213150706970513,0.231366036089469,0.54275,0.531815470748621,0.553643491857536,0.3795,0.641625,0.84975
3,"normal_location",50,"p-EWMA(0.2)",10000,7670,0.233,38.5189048239896,47.492078878898,0.542279888984759,37.4560362415794,39.5817734063997,0,"ECD",115.556714471969,0.233246414602347,0.223916965827989,0.24284294227332,0.533246414602347,0.522067361843025,0.544392180402413,0.379009126466754,0.634419817470665,0.840417209908735
3,"normal_location",1,"KS-EWMA(0.2)",8000,8000,0,34.1915,45.8562337858455,0.512688279686366,33.1866309718147,35.1963690281853,0,"ECD",102.5745,0.27275,0.263101131654437,0.282617014491783,0.589875,0.579056089950695,0.60060763552833,0.4305,0.686,0.871875
3,"normal_location",50,"KS-EWMA(0.2)",10000,7432,0.2568,34.0273143164693,41.992661141179,0.487102711305731,33.0725930023101,34.9820356306286,0,"ECD",102.081942949408,0.271663078579117,0.261669860365882,0.281892229498969,0.581135629709365,0.569879481275502,0.592307943480829,0.415635091496233,0.675995694294941,0.869079655543595
3,"normal_location",1,"Bakir Shew-KS",8000,8000,0,52.95275,68.8853606839078,0.770161745719046,51.4432329783907,54.4622670216093,0,"ECD",158.85825,0.218625,0.209704085195821,0.227816017650792,0.447375,0.436506967131996,0.458293549659841,0.32225,0.528875,0.7475
3,"normal_location",50,"Bakir Shew-KS",10000,7392,0.2608,55.0198863636364,69.9045100054702,0.813063034946649,53.4262828151409,56.6134899121318,0,"ECD",165.059659090909,0.206574675324675,0.197498971592084,0.215955205144205,0.428165584415584,0.416925583205279,0.439480211099455,0.306141774891775,0.50974025974026,0.737824675324675
3,"normal_scale",1,"Raw exact KS p",8000,8000,0,49.132125,53.2593136202043,0.595457228448786,47.9650288322404,50.2992211677596,0,"ECD",147.396375,0.201125,0.192485565651909,0.210051336127856,0.4205,0.409723338655003,0.43135297649846,0.299625,0.512875,0.75475
3,"normal_scale",50,"Raw exact KS p",10000,7377,0.2623,49.8449234106005,54.0985991659862,0.629863044227178,48.6103918439152,51.0794549772858,0,"ECD",149.534770231802,0.201843567846008,0.19284040910679,0.211157097085458,0.417785007455605,0.406575937185088,0.429079660680607,0.292801952013013,0.507252270570693,0.749491663277755
3,"normal_scale",1,"Qtilde(0.95,1)",8000,8000,0,53.94,61.4529084543167,0.687064403594618,52.5933537689545,55.2866462310455,0,"ECD",161.82,0.205625,0.196910795742983,0.214621786311115,0.397,0.386330163235811,0.407768710485029,0.2925,0.481625,0.719875
3,"normal_scale",50,"Qtilde(0.95,1)",10000,7416,0.2584,56.6205501618123,60.1053718787189,0.697956615402974,55.2525551956225,57.9885451280021,0,"ECD",169.861650485437,0.170981661272923,0.16258357593094,0.179720443065907,0.377022653721683,0.366058601995166,0.388114047728246,0.258629989212514,0.460625674217907,0.703209277238403
3,"normal_scale",1,"p-EWMA(0.2)",8000,8000,0,51.167,52.329672847559,0.585063528637334,50.0202754838708,52.3137245161292,0,"ECD",153.501,0.142,0.134522836244948,0.149820821930396,0.3885,0.377875120530858,0.399231912671798,0.2505,0.486125,0.742625
3,"normal_scale",50,"p-EWMA(0.2)",10000,7598,0.2402,50.1118715451435,51.753863695595,0.593735659271515,48.9481496529713,51.2755934373156,0,"ECD",150.33561463543,0.167017636220058,0.158799362523514,0.175572456010563,0.395235588312714,0.384297894826363,0.4062791674476,0.269018162674388,0.499605159252435,0.749012898131087
3,"normal_scale",1,"KS-EWMA(0.2)",8000,8000,0,43.48475,45.4543978094807,0.508195616891582,42.4886865908925,44.4808134091075,0,"ECD",130.45425,0.18525,0.176888386244038,0.193913754567944,0.451125,0.440246789130086,0.462050127890361,0.3095,0.547625,0.798
3,"normal_scale",50,"KS-EWMA(0.2)",10000,7439,0.2561,44.2493614733163,47.2617536459008,0.547964663005672,43.1753507338252,45.3233722128074,0,"ECD",132.748084419949,0.194380965183492,0.18554693826399,0.203530480769084,0.447103105256083,0.435834689080307,0.458426126573758,0.30635838150289,0.549401801317381,0.793386207823632
3,"normal_scale",1,"Bakir Shew-KS",8000,8000,0,49.12875,52.604686864124,0.588138278816357,47.9759989735199,50.2815010264801,0,"ECD",147.38625,0.199125,0.190519346486556,0.208019475171284,0.418375,0.407606955383997,0.42922139963992,0.297,0.51075,0.754625
3,"normal_scale",50,"Bakir Shew-KS",10000,7390,0.261,49.9706359945873,53.7201772197482,0.624906752504941,48.7458187596776,51.195453229497,0,"ECD",149.911907983762,0.201082543978349,0.192100467644456,0.21037523591944,0.416238159675237,0.405045645330283,0.42751771388477,0.291745602165088,0.504330175913396,0.746955345060893
5,"cauchy",1,"Raw exact KS p",8000,8000,0,46.809625,48.9812849784909,0.547627414185974,45.7362752681955,47.8829747318045,0,"ECD",234.048125,0.198125,0.189536365552348,0.20700341604453,0.43,0.419187323951518,0.440879871781092,0.198125,0.36125,0.58825
5,"cauchy",50,"Raw exact KS p",10000,7407,0.2593,46.8174699608478,47.6676387430308,0.553863144460277,45.7318981977057,47.90304172399,0,"ECD",234.087349804239,0.202916160388821,0.193912300557132,0.21222802229095,0.423923315782368,0.412711294833044,0.435214209336415,0.202916160388821,0.358579721884704,0.58471715944377
5,"cauchy",1,"Qtilde(0.95,1)",8000,8000,0,47.35225,51.2372259846614,0.572849601401108,46.2294647812538,48.4750352187462,0,"ECD",236.76125,0.22225,0.213273817963302,0.231492805104301,0.432375,0.421553957808665,0.443260958068731,0.22225,0.368,0.584625
5,"cauchy",50,"Qtilde(0.95,1)",10000,7386,0.2614,49.5938261575955,51.9974733494703,0.605030947275172,48.4079655009361,50.7796868142548,0,"ECD",247.969130787977,0.191172488491741,0.182365998898952,0.200300065282992,0.411724884917411,0.400549661635352,0.422991887617882,0.191172488491741,0.34646628757108,0.565123206065529
5,"cauchy",1,"p-EWMA(0.2)",8000,8000,0,30.177625,28.0368343856733,0.313461337801345,29.5632407779094,30.7920092220906,0,"ECD",150.888125,0.22675,0.217706600655894,0.236055702686041,0.574,0.563130954294453,0.584798010216788,0.22675,0.484875,0.759125
5,"cauchy",50,"p-EWMA(0.2)",10000,7523,0.2477,30.0390801541938,28.0694634204669,0.323622404070619,29.4047802422154,30.6733800661722,0,"ECD",150.195400770969,0.243519872391333,0.233953378428652,0.253348174456425,0.572245114980726,0.561030847461198,0.583385636605638,0.243519872391333,0.476405689219726,0.756878904692277
5,"cauchy",1,"KS-EWMA(0.2)",8000,8000,0,28.317875,27.4115259417216,0.306470176863442,27.7171934533477,28.9185565466523,0,"ECD",141.589375,0.26275,0.253220790668249,0.272506954868345,0.59775,0.586960250852157,0.60844591510695,0.26275,0.511375,0.77925
5,"cauchy",50,"KS-EWMA(0.2)",10000,7327,0.2673,28.759656066603,27.737788247288,0.324047542804231,28.1245228827067,29.3947892504993,0,"ECD",143.798280333015,0.269550975842773,0.259513339933406,0.27983013735575,0.593148628360857,0.58185420843895,0.60434542244654,0.269550975842773,0.503889722942541,0.76934625358264
5,"cauchy",1,"Bakir Shew-KS",8000,8000,0,46.982,49.17310927056,0.549772074969986,45.9044467330588,48.0595532669412,0,"ECD",234.91,0.19775,0.189167769954601,0.206622371619416,0.4285,0.41769273891341,0.439375896727755,0.19775,0.35975,0.586
5,"cauchy",50,"Bakir Shew-KS",10000,7404,0.2596,47.1048082117774,47.7373049743284,0.554784976697274,46.0174296574508,48.1921867661041,0,"ECD",235.524041058887,0.20097244732577,0.192000644575531,0.210254392843196,0.41923284710967,0.408037950740534,0.430511512844108,0.20097244732577,0.353997839005943,0.58063209076175
5,"normal_location",1,"Raw exact KS p",8000,8000,0,40.324625,54.5083744847569,0.609422153454657,39.1301575792289,41.5190924207711,0,"ECD",201.623125,0.284875,0.275089338230574,0.29486716865482,0.5345,0.523555432535024,0.54541144956819,0.284875,0.466375,0.682
5,"normal_location",50,"Raw exact KS p",10000,7511,0.2489,40.016242843829,53.5919136764219,0.618372808508236,38.8042321391529,41.2282535485052,0,"ECD",200.081214219145,0.268006923179337,0.258110468921973,0.278140567959496,0.531354014112635,0.520055338179037,0.542620633593941,0.268006923179337,0.46158966848622,0.688590067900413
5,"normal_location",1,"Qtilde(0.95,1)",8000,8000,0,31.82525,46.7309633466333,0.522468053485615,30.8012126151682,32.8492873848318,0,"ECD",159.12625,0.365,0.354517325397319,0.375612266372713,0.621125,0.610438881795676,0.631694845588434,0.365,0.5535,0.75425
5,"normal_location",50,"Qtilde(0.95,1)",10000,7419,0.2581,33.9629330098396,46.5624597641184,0.540584052026058,32.9033882678685,35.0224777518107,0,"ECD",169.814665049198,0.315406389001213,0.304930331647748,0.326073514642061,0.594824100283057,0.5836066178246,0.605943432657415,0.315406389001213,0.5194770184661,0.74228332659388
5,"normal_location",1,"p-EWMA(0.2)",8000,8000,0,23.587375,29.9413915253651,0.334754933958262,22.9312553294418,24.2434946705582,0,"ECD",117.936875,0.36575,0.355262373976055,0.3763664978397,0.726875,0.717003980159063,0.736528233671856,0.36575,0.646,0.8555
5,"normal_location",50,"p-EWMA(0.2)",10000,7527,0.2473,23.1042912182809,29.3053447851781,0.337781513507326,22.4422394518065,23.7663429847552,0,"ECD",115.521456091404,0.377972631858642,0.3670833131793,0.388986446673304,0.724060050484921,0.713849582208022,0.734041925694627,0.377972631858642,0.646871263451574,0.858110801115982
5,"normal_location",1,"KS-EWMA(0.2)",8000,8000,0,20.638,27.1728449272004,0.303801641996402,20.0425487816871,21.233451218313,0,"ECD",103.19,0.434,0.423173379966392,0.444889976010068,0.765,0.75558288353545,0.774162732619673,0.434,0.69725,0.878375
5,"normal_location",50,"KS-EWMA(0.2)",10000,7366,0.2634,20.9156937279392,27.340617923384,0.318560899182954,20.2913143655406,21.5400730903378,0,"ECD",104.578468639696,0.428047787130057,0.416788494245438,0.43938209156471,0.758077654086343,0.748164838095112,0.767721419216036,0.428047787130057,0.682867227803421,0.879446103719794
5,"normal_location",1,"Bakir Shew-KS",8000,8000,0,37.32575,50.5850051129808,0.565557550373998,36.217257201267,38.434242798733,0,"ECD",186.62875,0.3035,0.29352115304943,0.313667474971394,0.559625,0.54872040648072,0.570472357154183,0.3035,0.48975,0.70675
5,"normal_location",50,"Bakir Shew-KS",10000,7504,0.2496,37.3422174840085,50.5215437958087,0.583217034396285,36.1991120965918,38.4853228714252,0,"ECD",186.711087420043,0.282915778251599,0.272837704593555,0.293216006502321,0.553971215351812,0.542699494938272,0.565187703960543,0.282915778251599,0.484141791044776,0.710554371002132
5,"normal_scale",1,"Raw exact KS p",8000,8000,0,59.179625,64.5355228852578,0.721529080674649,57.7654280018777,60.5938219981223,0,"ECD",295.898125,0.168625,0.160579629373106,0.17698847042537,0.370375,0.359857447848963,0.381016984248744,0.168625,0.309625,0.518375
5,"normal_scale",50,"Raw exact KS p",10000,7483,0.2517,61.9402645997595,67.0371418536107,0.774957020780731,60.4213488390292,63.4591803604897,0,"ECD",309.701322998797,0.167579847654684,0.159288335862283,0.176212498027405,0.358278765201123,0.34748972380323,0.36921324477567,0.167579847654684,0.297741547507684,0.501269544300414
5,"normal_scale",1,"Qtilde(0.95,1)",8000,8000,0,57.965625,65.4750701905799,0.732033538888534,56.5308392637785,59.4004107362215,0,"ECD",289.828125,0.19975,0.191133753235832,0.20865446846011,0.39075,0.380112889295216,0.401491984044606,0.19975,0.329,0.528375
5,"normal_scale",50,"Qtilde(0.95,1)",10000,7319,0.2681,63.3516873889876,69.8288959811521,0.816223890400396,61.7518885638028,64.9514862141723,0,"ECD",316.758436944938,0.161497472332286,0.153244662316746,0.170105442647972,0.350457712802295,0.339607955047529,0.361464371848085,0.161497472332286,0.292116409345539,0.501161360841645
5,"normal_scale",1,"p-EWMA(0.2)",8000,8000,0,45.455,48.469375744362,0.541904094956865,44.3928679738845,46.5171320261155,0,"ECD",227.275,0.167125,0.159109531870673,0.17546000783636,0.445625,0.434761931092267,0.456540265592885,0.167125,0.366,0.617125
5,"normal_scale",50,"p-EWMA(0.2)",10000,7599,0.2401,46.0785629688117,51.3095269611458,0.58859936403339,44.9249082153062,47.2322177223171,0,"ECD",230.392814844058,0.178707724700618,0.170256843866097,0.187483293716146,0.449664429530201,0.438507662629493,0.460872064024289,0.178707724700618,0.374917752335834,0.6167916831162
5,"normal_scale",1,"KS-EWMA(0.2)",8000,8000,0,40.494875,44.6131568649322,0.498790257204249,39.5172460958797,41.4725039041203,0,"ECD",202.474375,0.206125,0.197402592349263,0.215129509735316,0.492625,0.481675627543871,0.503581452006529,0.206125,0.41375,0.6605
5,"normal_scale",50,"KS-EWMA(0.2)",10000,7456,0.2544,42.4250268240343,47.2662196335108,0.547391335763843,41.3521398059372,43.4979138421315,0,"ECD",212.125134120172,0.204399141630901,0.195398893466436,0.213703841369114,0.475992489270386,0.464671449414543,0.487338255456402,0.204399141630901,0.399409871244635,0.646593347639485
5,"normal_scale",1,"Bakir Shew-KS",8000,8000,0,59.112375,64.6631727693473,0.722956249765369,57.6953807504599,60.5293692495401,0,"ECD",295.561875,0.16975,0.161682356548742,0.178134663318318,0.37125,0.360726903365135,0.381896688785914,0.16975,0.311125,0.519875
5,"normal_scale",50,"Bakir Shew-KS",10000,7471,0.2529,61.5742203185651,66.6278507429358,0.770843892845576,60.0633662885878,63.0850743485424,0,"ECD",307.871101592826,0.165439700174006,0.157186170882798,0.174037115507645,0.358586534600455,0.347786677555801,0.369531746957703,0.165439700174006,0.296747423370365,0.505554811939499
8,"cauchy",1,"Raw exact KS p",8000,8000,0,45.864875,47.5906211835635,0.532079320289447,44.8219995322327,46.9077504677673,0,"ECD",366.919,0.208,0.19924701324192,0.217033288956964,0.43975,0.428904595353837,0.450653240973159,0.131375,0.2425,0.43975
8,"cauchy",50,"Raw exact KS p",10000,7464,0.2536,47.5988745980707,50.0115155311497,0.578874208360817,46.4642811496835,48.7334680464579,0,"ECD",380.790996784566,0.20029474812433,0.191370279818168,0.209527564613883,0.42524115755627,0.414066621867079,0.436492607991251,0.1252679528403,0.236334405144695,0.42524115755627
8,"cauchy",1,"Qtilde(0.95,1)",8000,8000,0,40.313,43.8940328150033,0.490750205904769,39.3511295964267,41.2748704035734,0,"ECD",322.504,0.255375,0.245938140100668,0.265046684986326,0.495375,0.484423584949138,0.50633085476891,0.178875,0.2925,0.495375
8,"cauchy",50,"Qtilde(0.95,1)",10000,7361,0.2639,44.2272789023231,47.565465131245,0.554400149988973,43.1406546083447,45.3139031963014,0,"ECD",353.818231218584,0.21804102703437,0.208756437770867,0.227619763449809,0.458089933432957,0.446732530870768,0.469491057699012,0.134220893900285,0.256486890368157,0.458089933432957
8,"cauchy",1,"p-EWMA(0.2)",8000,8000,0,22.05875,19.8578344775122,0.222017338888281,21.623596015779,22.493903984221,0,"ECD",176.47,0.31925,0.309123085617646,0.329550423363341,0.709625,0.69957896660518,0.719469806174132,0.142125,0.391625,0.709625
8,"cauchy",50,"p-EWMA(0.2)",10000,7460,0.254,22.5183646112601,21.0171773414916,0.243335221344708,22.0414275774244,22.9953016450957,0,"ECD",180.14691689008,0.322117962466488,0.311607815378279,0.332811219452256,0.692359249329759,0.681789392519034,0.702731093553447,0.168364611260054,0.391018766756032,0.692359249329759
8,"cauchy",1,"KS-EWMA(0.2)",8000,8000,0,22.52675,21.3321920401926,0.238501157554753,22.0592877311927,22.9942122688073,0,"ECD",180.214,0.331875,0.321639103121797,0.342272286628844,0.6965,0.686332525028606,0.70647884695057,0.1765,0.39775,0.6965
8,"cauchy",50,"KS-EWMA(0.2)",10000,7299,0.2701,23.6861213864913,23.1235137926764,0.270658797058727,23.1556301442562,24.2166126287264,0,"ECD",189.48897109193,0.315522674338951,0.304960557884354,0.32627887636546,0.678175092478422,0.667365987084063,0.688796742777146,0.181394711604329,0.384436224140293,0.678175092478422
8,"cauchy",1,"Bakir Shew-KS",8000,8000,0,46.694625,49.2530060345031,0.550665347946782,45.6153209180243,47.7739290819757,0,"ECD",373.557,0.206,0.197279641257932,0.215002580819026,0.437125,0.426287986938716,0.448022369228253,0.129375,0.239875,0.437125
8,"cauchy",50,"Bakir Shew-KS",10000,7459,0.2541,48.3470974661483,50.5312729115039,0.585086307884173,47.2003283026953,49.4938666296013,0,"ECD",386.776779729186,0.196407025070385,0.18754830228384,0.205578305146767,0.418554766054431,0.407403921622354,0.429789460587446,0.122536533047325,0.231398310765518,0.418554766054431
8,"normal_location",1,"Raw exact KS p",8000,8000,0,25.58675,41.8511608488411,0.467910202976433,24.6696460021662,26.5038539978338,0,"ECD",204.694,0.408,0.397276991017398,0.418811323374031,0.693375,0.683180054117612,0.703384317671055,0.27175,0.46275,0.693375
8,"normal_location",50,"Raw exact KS p",10000,7440,0.256,25.5538978494624,36.7626064183581,0.426206262642876,24.7185335746823,26.3892621242424,0,"ECD",204.431182795699,0.397311827956989,0.386248157828754,0.408481488218523,0.688844086021505,0.678228809813333,0.699264445819619,0.269354838709677,0.448924731182796,0.688844086021505
8,"normal_location",1,"Qtilde(0.95,1)",8000,8000,0,18.7895,27.7671715651249,0.310446415812593,18.1810250250073,19.3979749749927,0,"ECD",150.316,0.52725,0.516299089996385,0.538174751664849,0.780375,0.771169595189806,0.789311261902618,0.388875,0.577875,0.780375
8,"normal_location",50,"Qtilde(0.95,1)",10000,7338,0.2662,20.0073589533933,27.4783064659949,0.320775439886601,19.3786390912156,20.636078815571,0,"ECD",160.058871627146,0.47492504769692,0.463515250582139,0.486361085622118,0.763832106841101,0.753977626002639,0.773410488717788,0.325292995366585,0.532706459525756,0.763832106841101
8,"normal_location",1,"p-EWMA(0.2)",8000,8000,0,14.05225,17.596383833845,0.196733552053279,13.6666522379756,14.4378477620244,0,"ECD",112.418,0.5885,0.577676291658514,0.599238753736687,0.882875,0.875643831346977,0.889738631994126,0.342,0.661875,0.882875
8,"normal_location",50,"p-EWMA(0.2)",10000,7411,0.2589,13.3115638915126,15.3053914229348,0.177789469544571,12.9630965312053,13.66003125182,0,"ECD",106.492511132101,0.576575360949939,0.56528901794522,0.587782357173569,0.889218728916475,0.881870211733701,0.896163940742328,0.340979624881932,0.656456618540008,0.889218728916475
8,"normal_location",1,"KS-EWMA(0.2)",8000,8000,0,12.377125,16.5706057480181,0.185265004404586,12.014005591367,12.740244408633,0,"ECD",99.017,0.640625,0.630045351766073,0.65106965680681,0.897375,0.890533087067476,0.903835457157588,0.42225,0.70625,0.897375
8,"normal_location",50,"KS-EWMA(0.2)",10000,7283,0.2717,12.2930111217905,23.2361883629459,0.272276233006196,11.7593497050983,12.8266725384826,0,"ECD",98.3440889743238,0.632431690237539,0.62129127963008,0.643432465702877,0.90182617053412,0.894779079604109,0.908449578474584,0.41342853219827,0.703007002608815,0.90182617053412
8,"normal_location",1,"Bakir Shew-KS",8000,8000,0,23.428125,33.9105120034689,0.379131049957895,22.6850281420825,24.1712218579175,0,"ECD",187.425,0.426,0.415201989783212,0.436869045705547,0.713625,0.703617963681451,0.723426969341711,0.2855,0.48075,0.713625
8,"normal_location",50,"Bakir Shew-KS",10000,7413,0.2587,23.6349656009713,32.4859848084392,0.377310626557588,22.8954367729184,24.3744944290241,0,"ECD",189.07972480777,0.415351409685687,0.404180101391693,0.426610406524777,0.708889788209902,0.69844235686013,0.719120827986639,0.282206933765007,0.469985161203292,0.708889788209902
8,"normal_scale",1,"Raw exact KS p",8000,8000,0,60.720375,67.0353406940857,0.749477893434168,59.251398328869,62.189351671131,0,"ECD",485.763,0.173,0.164868744417766,0.181445155647422,0.373125,0.362590147401943,0.383781644863411,0.108,0.20375,0.373125
8,"normal_scale",50,"Raw exact KS p",10000,7410,0.259,62.0114709851552,67.5749400538243,0.785012487181422,60.4728465102796,63.5500954600308,0,"ECD",496.091767881242,0.159379217273954,0.151221825743392,0.167889604962114,0.351417004048583,0.340626248594152,0.362361740790461,0.0967611336032389,0.187989203778677,0.351417004048583
8,"normal_scale",1,"Qtilde(0.95,1)",8000,8000,0,53.792875,62.5852265958817,0.699724105278096,52.4214157536549,55.1643342463451,0,"ECD",430.343,0.214625,0.205766252560499,0.223757690042264,0.41925,0.408478382403524,0.430099132673736,0.1475,0.247875,0.41925
8,"normal_scale",50,"Qtilde(0.95,1)",10000,7394,0.2606,58.0659994590208,64.5987205495634,0.751249495342377,56.5935504481498,59.5384484698919,0,"ECD",464.527995672167,0.173654314308899,0.165189803975577,0.182457758524274,0.381931295645118,0.370920731065891,0.393064483216069,0.108736813632675,0.204895861509332,0.381931295645118
8,"normal_scale",1,"p-EWMA(0.2)",8000,8000,0,36.62025,40.6773969332498,0.45478712345244,35.7288672380332,37.5116327619668,0,"ECD",292.962,0.2175,0.20859644334911,0.22667473942892,0.531625,0.520677640346728,0.542542001581218,0.09,0.27175,0.531625
8,"normal_scale",50,"p-EWMA(0.2)",10000,7442,0.2558,37.7863477559796,42.6019955154278,0.493838687230129,36.8184239290085,38.7542715829506,0,"ECD",302.290782047837,0.219564633163128,0.210305588530971,0.229113052875529,0.520155872077399,0.508797554527601,0.531493391226604,0.112201021230852,0.268879333512497,0.520155872077399
8,"normal_scale",1,"KS-EWMA(0.2)",8000,8000,0,35.455875,40.2568209057548,0.450084940516512,34.5737085165876,36.3380414834124,0,"ECD",283.647,0.24425,0.234959274022027,0.253786230386756,0.551875,0.54095508464152,0.562745118520922,0.12675,0.301875,0.551875
8,"normal_scale",50,"KS-EWMA(0.2)",10000,7263,0.2737,37.4916701087705,41.825500843372,0.49077578692059,36.5297495664061,38.4535906511348,0,"ECD",299.933360870164,0.233099270273991,0.223518067236729,0.242962666291301,0.531047776400936,0.519557365164835,0.542505360958161,0.12708247280738,0.281701776125568,0.531047776400936
8,"normal_scale",1,"Bakir Shew-KS",8000,8000,0,61.097875,67.567551141286,0.755428187125544,59.6172357532339,62.5785142467661,0,"ECD",488.783,0.172125,0.164010764703082,0.180553975308765,0.3725,0.361969047127879,0.383153345099373,0.1075,0.202875,0.3725
8,"normal_scale",50,"Bakir Shew-KS",10000,7386,0.2614,62.643243975088,68.4140436907493,0.796050480817463,61.0829850326858,64.2035029174902,0,"ECD",501.145951800704,0.161115624153804,0.152907734581481,0.169675850971963,0.349851069591118,0.339054914113397,0.360803334539727,0.098835634985107,0.188329271594909,0.349851069591118
20,"cauchy",1,"Raw exact KS p",8000,8000,0,36.216,40.3757367612642,0.45141446019912,35.3312276580097,37.1007723419903,0,"ECD",724.32,0.2705,0.260877506971475,0.28034279903758,0.534125,0.523180047669162,0.54503719441119,0.06125,0.148125,0.2705
20,"cauchy",50,"Raw exact KS p",10000,7263,0.2737,38.2987746110423,42.6748056023622,0.500741434743667,37.3173213989447,39.2802278231399,0,"ECD",765.975492220845,0.256367892055624,0.246456777043774,0.266536598234972,0.502822525127358,0.491325044718235,0.514317021292947,0.0539721878011841,0.138923309927027,0.256367892055624
20,"cauchy",1,"Qtilde(0.95,1)",8000,8000,0,22.862875,27.1284871691436,0.303305707184679,22.268395813918,23.457354186082,0,"ECD",457.2575,0.4165,0.405739729387019,0.427340425522593,0.696875,0.686710858404125,0.706850153597911,0.133625,0.254875,0.4165
20,"cauchy",50,"Qtilde(0.95,1)",10000,7006,0.2994,25.2743362831858,28.0895141127897,0.335590115370225,24.6165796570602,25.9320929093115,0,"ECD",505.486725663717,0.360833571224665,0.34966709228576,0.372152584780838,0.656722809020839,0.645521434235312,0.667752406360458,0.0709391949757351,0.193691121895518,0.360833571224665
20,"cauchy",1,"p-EWMA(0.2)",8000,8000,0,9.88875,7.58858166978315,0.0848429223322199,9.72245787222885,10.0550421277712,0,"ECD",197.775,0.683,0.672717735955236,0.693106595200943,0.95825,0.953642516299759,0.96241759163641,0,0.2955,0.683
20,"cauchy",50,"p-EWMA(0.2)",10000,6754,0.3246,10.4000592241635,7.87089516302317,0.0957731120632002,10.2123439245196,10.5877745238073,0,"ECD",208.001184483269,0.638140361267397,0.626604317884652,0.649519348583056,0.953953212910868,0.948691429221025,0.958698883094078,0.045158424637252,0.265472312703583,0.638140361267397
20,"cauchy",1,"KS-EWMA(0.2)",8000,8000,0,10.88875,9.63442921068895,0.107716193197551,10.6776262613328,11.0998737386672,0,"ECD",217.775,0.6355,0.624890569933824,0.645979358326625,0.932875,0.927181024045689,0.938153442343551,0.051875,0.30575,0.6355
20,"cauchy",50,"KS-EWMA(0.2)",10000,6654,0.3346,11.7094980462879,9.84909022926118,0.120740985934436,11.4728457138565,11.9461503787194,0,"ECD",234.189960925759,0.584310189359784,0.572422967100152,0.59610011701768,0.91644123835287,0.909549425266998,0.922852475072596,0.0617673579801623,0.273820258491133,0.584310189359784
20,"cauchy",1,"Bakir Shew-KS",8000,8000,0,36.70625,41.0443971968785,0.45889031113861,35.8068249901683,37.6056750098317,0,"ECD",734.125,0.26775,0.258160173005849,0.277562772835558,0.52925,0.51830060845855,0.540171313324609,0.060375,0.14625,0.26775
20,"cauchy",50,"Bakir Shew-KS",10000,7264,0.2736,38.6401431718062,42.9119943426978,0.503489921011319,37.653302926624,39.6269834169884,0,"ECD",772.802863436123,0.253716960352423,0.243842149731964,0.26385212913069,0.503579295154185,0.492082317175205,0.515072489280676,0.0539647577092511,0.138078193832599,0.253716960352423
20,"normal_location",1,"Raw exact KS p",8000,8000,0,9.34925,15.3953207639589,0.17212491881813,9.01188515911647,9.68661484088353,0,"ECD",186.985,0.748625,0.739001058350639,0.758010276806219,0.928125,0.922257313476705,0.933581712622961,0.29775,0.55175,0.748625
20,"normal_location",50,"Raw exact KS p",10000,7139,0.2861,8.76145118363917,13.1145499105522,0.155215360987132,8.45722907610439,9.06567329117394,0,"ECD",175.229023672783,0.757669141336322,0.747592378313792,0.767468742459207,0.931923238548816,0.925845014512073,0.937536864206895,0.297100434234487,0.551757949292618,0.757669141336322
20,"normal_location",1,"Qtilde(0.95,1)",8000,8000,0,6.084625,11.5515212554363,0.129149933853446,5.83149112964725,6.33775887035275,0,"ECD",121.6925,0.86,0.852223383904527,0.867431038042054,0.96225,0.957846736327489,0.966209531852531,0.458375,0.702375,0.86
20,"normal_location",50,"Qtilde(0.95,1)",10000,6914,0.3086,6.29707839166908,8.34135224274802,0.100316361911255,6.10045832232302,6.49369846101514,0,"ECD",125.941567833382,0.848712756725485,0.840072811288369,0.856965409419085,0.973098061903384,0.96901352936079,0.976657154975203,0.328174717963552,0.652010413653457,0.848712756725485
20,"normal_location",1,"p-EWMA(0.2)",8000,8000,0,5.788875,6.9680427981558,0.0779050868340211,5.63618102980532,5.94156897019468,0,"ECD",115.7775,0.919,0.912818182519964,0.924779603023418,0.9865,0.983727471646613,0.988805518011753,0,0.69525,0.919
20,"normal_location",50,"p-EWMA(0.2)",10000,6751,0.3249,5.3486890830988,3.74959130411694,0.0456351917115092,5.25924410734424,5.43813405885336,0,"ECD",106.973781661976,0.933046956006518,0.926835051395382,0.938766297420851,0.996593097318916,0.994892674602559,0.997728677169775,0.123389127536661,0.660790993926826,0.933046956006518
20,"normal_location",1,"KS-EWMA(0.2)",8000,8000,0,4.772625,6.33331978324247,0.0708086677928719,4.63384001112597,4.91140998887403,0,"ECD",95.4525,0.935,0.929386239679603,0.940196186839183,0.99025,0.987849182492827,0.992180207394149,0.314,0.764125,0.935
20,"normal_location",50,"KS-EWMA(0.2)",10000,6635,0.3365,4.48425018839488,3.64399936959249,0.0447360700291883,4.39656749113767,4.57193288565209,0,"ECD",89.6850037678975,0.944837980406933,0.939082819749591,0.950078325471889,0.99758854559156,0.996086142102372,0.998515084714065,0.284099472494348,0.752373775433308,0.944837980406933
20,"normal_location",1,"Bakir Shew-KS",8000,8000,0,8.4975,13.7576125377132,0.153814784212151,8.19602302294419,8.79897697705582,0,"ECD",169.95,0.774375,0.765084878938283,0.783401737788365,0.939125,0.933671723254498,0.944156743515759,0.316875,0.57825,0.774375
20,"normal_location",50,"Bakir Shew-KS",10000,7135,0.2865,8.34407848633497,12.911292346125,0.15285256328668,8.04448746229308,8.64366951037686,0,"ECD",166.881569726699,0.772950245269797,0.763084217933203,0.782522509074159,0.93833216538192,0.932511102999043,0.943681471437683,0.31198318149965,0.570427470217239,0.772950245269797
20,"normal_scale",1,"Raw exact KS p",8000,8000,0,53.340875,67.7712700734264,0.757705834028393,51.8557715653043,54.8259784346956,0,"ECD",1066.8175,0.213625,0.204781991104112,0.222742911437687,0.44025,0.429403031948854,0.451154324408623,0.0515,0.113,0.213625
20,"normal_scale",50,"Raw exact KS p",10000,7196,0.2804,55.6345191773207,69.0918523152312,0.814481564591342,54.0381353107217,57.2309030439198,0,"ECD",1112.69038354641,0.199972206781545,0.190891756310761,0.209372827287856,0.415786548082268,0.404446850155664,0.427216113096194,0.0428015564202335,0.101862145636465,0.199972206781545
20,"normal_scale",1,"Qtilde(0.95,1)",8000,8000,0,39.808375,55.2033317005255,0.61719201133422,38.5986786577849,41.0180713422151,0,"ECD",796.1675,0.31225,0.302187206087242,0.322493022467006,0.554875,0.543960697783385,0.565736625561944,0.103,0.19225,0.31225
20,"normal_scale",50,"Qtilde(0.95,1)",10000,6998,0.3002,43.4408402400686,56.0186668900642,0.669646803901016,42.1283325044226,44.7533479757146,0,"ECD",868.816804801372,0.255501571877679,0.245418890098331,0.265852544548234,0.510574449842812,0.498859566265247,0.522277729956936,0.0503000857387825,0.128036581880537,0.255501571877679
20,"normal_scale",1,"p-EWMA(0.2)",8000,8000,0,21.10675,32.9101122585992,0.367946240786885,20.3855753680577,21.8279246319423,0,"ECD",422.135,0.451125,0.440246789130086,0.462050127890361,0.779125,0.769901719659455,0.788080337356766,0,0.167375,0.451125
20,"normal_scale",50,"p-EWMA(0.2)",10000,6699,0.3301,21.5833706523362,30.5493452368447,0.373247508634532,20.8518055354125,22.3149357692599,0,"ECD",431.667413046723,0.406329302881027,0.394624730026571,0.418141246719769,0.758172861621138,0.747772898056445,0.768276891931132,0.0398566950291088,0.164949992536199,0.406329302881027
20,"normal_scale",1,"KS-EWMA(0.2)",8000,8000,0,22.281,35.6762405287789,0.398872495019914,21.499209909761,23.062790090239,0,"ECD",445.62,0.443875,0.433017031590162,0.454786844988305,0.75825,0.74874537056765,0.767506725175973,0.03875,0.198,0.443875
20,"normal_scale",50,"KS-EWMA(0.2)",10000,6667,0.3333,23.5257237138143,32.1081616440723,0.393233232325971,22.7549865784554,24.2964608491732,0,"ECD",470.514474276286,0.386380680965952,0.374761083381393,0.398131140592266,0.727463626818659,0.716646608219179,0.738018662201872,0.047697615119244,0.167241637918104,0.386380680965952
20,"normal_scale",1,"Bakir Shew-KS",8000,8000,0,53.3225,66.6732248253643,0.745429314943205,51.8614585427113,54.7835414572887,0,"ECD",1066.45,0.214,0.205151079857828,0.223123462706832,0.442125,0.431272268786078,0.453033287685705,0.050875,0.114125,0.214
20,"normal_scale",50,"Bakir Shew-KS",10000,7175,0.2825,55.416724738676,69.0246033890666,0.814878702246735,53.8195624822724,57.0138869950796,0,"ECD",1108.33449477352,0.198745644599303,0.189674146055909,0.208139562495622,0.418257839721254,0.406890695591897,0.429712468907512,0.0425087108013937,0.100905923344948,0.198745644599303
