n0,target_arl,ooc,ooc_label,chart_index,chart,chart_type,threshold,direction,validity,lambda,r,kappa,k,n_rep,mean_Rk,sd_Rk,se_Rk,ci_lower,ci_upper,mcse_ratio,censored_rate,ks_engine
 50,200,N_0.5_1,"N(1/2,1)",1,p-value Shewhart,p_shewhart,0.03980341,lower,marginal,,,,1,1000,  5.196,1.815228e+01, 0.574025338,  4.0709310,  6.321069,0.1104744685,0,asymp
 50,200,N_0.5_1,"N(1/2,1)",1,p-value Shewhart,p_shewhart,0.03980341,lower,marginal,,,,5,1000, 24.437,5.303450e+01, 1.677098295, 21.1499477, 27.724052,0.0686294674,0,asymp
 50,200,N_0.5_1,"N(1/2,1)",2,Qtilde r=-0.8,qtilde,0.49877895,lower,marginal,0.50,-0.8,,1,1000,  6.001,2.675748e+01, 0.846145946,  4.3425844,  7.659416,0.1410008242,0,asymp
 50,200,N_0.5_1,"N(1/2,1)",2,Qtilde r=-0.8,qtilde,0.49877895,lower,marginal,0.50,-0.8,,5,1000, 18.778,5.730561e+01, 1.812162423, 15.2262269, 22.329773,0.0965045491,0,asymp
 50,200,N_0.5_1,"N(1/2,1)",3,Qtilde r=-0.9,qtilde,0.49931892,lower,marginal,0.50,-0.9,,1,1000, 11.729,5.866711e+01, 1.855216804,  8.0928419, 15.365158,0.1581734848,0,asymp
 50,200,N_0.5_1,"N(1/2,1)",3,Qtilde r=-0.9,qtilde,0.49931892,lower,marginal,0.50,-0.9,,5,1000, 38.593,1.541412e+02, 4.874372869, 29.0394047, 48.146595,0.1263019944,0,asymp
 50,200,N_0.5_1,"N(1/2,1)",4,Qbar lambda=0.95,qbar,0.07514659,lower,marginal,0.95, 1.0,,1,1000,  4.136,1.505816e+01, 0.476180903,  3.2027026,  5.069297,0.1151307792,0,asymp
 50,200,N_0.5_1,"N(1/2,1)",4,Qbar lambda=0.95,qbar,0.07514659,lower,marginal,0.95, 1.0,,5,1000, 18.447,4.341829e+01, 1.373007043, 15.7559556, 21.138044,0.0744298283,0,asymp
 50,200,N_0.5_1,"N(1/2,1)",5,KS Shewhart statistic,ks_shewhart,0.28416382,upper,,,,,1,1000,  5.748,1.854234e+01, 0.586360226,  4.5987551,  6.897245,0.1020111736,0,asymp
 50,200,N_0.5_1,"N(1/2,1)",5,KS Shewhart statistic,ks_shewhart,0.28416382,upper,,,,,5,1000, 25.744,5.363082e+01, 1.695955403, 22.4199885, 29.068012,0.0658776959,0,asymp
 50,200,N_0.5_1,"N(1/2,1)",6,KS-EWMA statistic,ks_ewma,0.18303824,upper,,0.20,,,1,1000,  1.740,5.354164e+00, 0.169313517,  1.4081516,  2.071848,0.0973066190,0,asymp
 50,200,N_0.5_1,"N(1/2,1)",6,KS-EWMA statistic,ks_ewma,0.18303824,upper,,0.20,,,5,1000,  7.037,2.019766e+01, 0.638706174,  5.7851589,  8.288841,0.0907639866,0,asymp
 50,200,N_0.5_1,"N(1/2,1)",7,KS-CUSUM statistic,ks_cusum,0.15828665,upper,,,,0.1715753,1,1000,  3.395,9.053781e+00, 0.286305686,  2.8338512,  3.956149,0.0843315718,0,asymp
 50,200,N_0.5_1,"N(1/2,1)",7,KS-CUSUM statistic,ks_cusum,0.15828665,upper,,,,0.1715753,5,1000,  9.020,2.781887e+01, 0.879709889,  7.2958003, 10.744200,0.0975288126,0,asymp
 50,200,N_1_1,"N(1,1)",1,p-value Shewhart,p_shewhart,0.03980341,lower,marginal,,,,1,1000,  1.018,1.539471e-01, 0.004868234,  1.0084584,  1.027542,0.0047821549,0,asymp
 50,200,N_1_1,"N(1,1)",1,p-value Shewhart,p_shewhart,0.03980341,lower,marginal,,,,5,1000,  5.080,3.817666e-01, 0.012072520,  5.0563383,  5.103662,0.0023764804,0,asymp
 50,200,N_1_1,"N(1,1)",2,Qtilde r=-0.8,qtilde,0.49877895,lower,marginal,0.50,-0.8,,1,1000,  1.008,9.972936e-02, 0.003153719,  1.0018188,  1.014181,0.0031286899,0,asymp
 50,200,N_1_1,"N(1,1)",2,Qtilde r=-0.8,qtilde,0.49877895,lower,marginal,0.50,-0.8,,5,1000,  5.009,1.045463e-01, 0.003306044,  5.0025203,  5.015480,0.0006600209,0,asymp
 50,200,N_1_1,"N(1,1)",3,Qtilde r=-0.9,qtilde,0.49931892,lower,marginal,0.50,-0.9,,1,1000,  1.020,1.778528e-01, 0.005624201,  1.0089768,  1.031023,0.0055139221,0,asymp
 50,200,N_1_1,"N(1,1)",3,Qtilde r=-0.9,qtilde,0.49931892,lower,marginal,0.50,-0.9,,5,1000,  5.027,2.105120e-01, 0.006656975,  5.0139526,  5.040047,0.0013242441,0,asymp
 50,200,N_1_1,"N(1,1)",4,Qbar lambda=0.95,qbar,0.07514659,lower,marginal,0.95, 1.0,,1,1000,  1.006,8.928590e-02, 0.002823468,  1.0004661,  1.011534,0.0028066283,0,asymp
 50,200,N_1_1,"N(1,1)",4,Qbar lambda=0.95,qbar,0.07514659,lower,marginal,0.95, 1.0,,5,1000,  5.033,2.096544e-01, 0.006629853,  5.0200057,  5.045994,0.0013172766,0,asymp
 50,200,N_1_1,"N(1,1)",5,KS Shewhart statistic,ks_shewhart,0.28416382,upper,,,,,1,1000,  1.019,1.632963e-01, 0.005163881,  1.0088790,  1.029121,0.0050675965,0,asymp
 50,200,N_1_1,"N(1,1)",5,KS Shewhart statistic,ks_shewhart,0.28416382,upper,,,,,5,1000,  5.088,4.477236e-01, 0.014158265,  5.0602503,  5.115750,0.0027826778,0,asymp
 50,200,N_1_1,"N(1,1)",6,KS-EWMA statistic,ks_ewma,0.18303824,upper,,0.20,,,1,1000,  1.000,0.000000e+00, 0.000000000,  1.0000000,  1.000000,0.0000000000,0,asymp
 50,200,N_1_1,"N(1,1)",6,KS-EWMA statistic,ks_ewma,0.18303824,upper,,0.20,,,5,1000,  5.000,0.000000e+00, 0.000000000,  5.0000000,  5.000000,0.0000000000,0,asymp
 50,200,N_1_1,"N(1,1)",7,KS-CUSUM statistic,ks_cusum,0.15828665,upper,,,,0.1715753,1,1000,  1.066,2.563391e-01, 0.008106153,  1.0501122,  1.081888,0.0076042707,0,asymp
 50,200,N_1_1,"N(1,1)",7,KS-CUSUM statistic,ks_cusum,0.15828665,upper,,,,0.1715753,5,1000,  5.066,2.563391e-01, 0.008106153,  5.0501122,  5.081888,0.0016001091,0,asymp
 50,200,N_0_2,"N(0,2)",1,p-value Shewhart,p_shewhart,0.03980341,lower,marginal,,,,1,1000, 36.054,8.941296e+01, 2.827486121, 30.5122290, 41.595771,0.0784236457,0,asymp
 50,200,N_0_2,"N(0,2)",1,p-value Shewhart,p_shewhart,0.03980341,lower,marginal,,,,5,1000,174.891,2.739278e+02, 8.662358661,157.9130890,191.868911,0.0495300425,0,asymp
 50,200,N_0_2,"N(0,2)",2,Qtilde r=-0.8,qtilde,0.49877895,lower,marginal,0.50,-0.8,,1,1000, 45.040,1.286933e+02, 4.069638849, 37.0636544, 53.016346,0.0903561023,0,asymp
 50,200,N_0_2,"N(0,2)",2,Qtilde r=-0.8,qtilde,0.49877895,lower,marginal,0.50,-0.8,,5,1000,156.970,3.066635e+02, 9.697552146,137.9631471,175.976853,0.0617796531,0,asymp
 50,200,N_0_2,"N(0,2)",3,Qtilde r=-0.9,qtilde,0.49931892,lower,marginal,0.50,-0.9,,1,1000, 94.062,2.551577e+02, 8.068794061, 78.2474542,109.876546,0.0857816553,0,asymp
 50,200,N_0_2,"N(0,2)",3,Qtilde r=-0.9,qtilde,0.49931892,lower,marginal,0.50,-0.9,,5,1000,396.652,1.091637e+03,34.520594467,328.9928781,464.311122,0.0870299267,0,asymp
 50,200,N_0_2,"N(0,2)",4,Qbar lambda=0.95,qbar,0.07514659,lower,marginal,0.95, 1.0,,1,1000, 26.529,6.884115e+01, 2.176948383, 22.2622596, 30.795740,0.0820591950,0,asymp
 50,200,N_0_2,"N(0,2)",4,Qbar lambda=0.95,qbar,0.07514659,lower,marginal,0.95, 1.0,,5,1000,132.656,2.352145e+02, 7.438136294,118.0775208,147.234479,0.0560708622,0,asymp
 50,200,N_0_2,"N(0,2)",5,KS Shewhart statistic,ks_shewhart,0.28416382,upper,,,,,1,1000, 36.943,8.055917e+01, 2.547504569, 31.9499828, 41.936017,0.0689577070,0,asymp
 50,200,N_0_2,"N(0,2)",5,KS Shewhart statistic,ks_shewhart,0.28416382,upper,,,,,5,1000,183.550,2.675717e+02, 8.461359471,166.9660402,200.133960,0.0460983899,0,asymp
 50,200,N_0_2,"N(0,2)",6,KS-EWMA statistic,ks_ewma,0.18303824,upper,,0.20,,,1,1000, 10.452,5.775978e+01, 1.826524538,  6.8720777, 14.031922,0.1747535915,0,asymp
 50,200,N_0_2,"N(0,2)",6,KS-EWMA statistic,ks_ewma,0.18303824,upper,,0.20,,,5,1000, 39.532,2.797358e+02, 8.846023576, 22.1941124, 56.869888,0.2237686830,0,asymp
 50,200,N_0_2,"N(0,2)",7,KS-CUSUM statistic,ks_cusum,0.15828665,upper,,,,0.1715753,1,1000, 17.572,6.370733e+01, 2.014602551, 13.6234516, 21.520548,0.1146484493,0,asymp
 50,200,N_0_2,"N(0,2)",7,KS-CUSUM statistic,ks_cusum,0.15828665,upper,,,,0.1715753,5,1000, 37.233,1.742972e+02, 5.511760537, 26.4301479, 48.035852,0.1480342851,0,asymp
 50,200,Cauchy,"Cauchy(0,1)",1,p-value Shewhart,p_shewhart,0.03980341,lower,marginal,,,,1,1000, 17.117,2.440863e+01, 0.771868572, 15.6041654, 18.629835,0.0450936830,0,asymp
 50,200,Cauchy,"Cauchy(0,1)",1,p-value Shewhart,p_shewhart,0.03980341,lower,marginal,,,,5,1000, 83.606,8.459134e+01, 2.675012983, 78.3630709, 88.848929,0.0319954666,0,asymp
 50,200,Cauchy,"Cauchy(0,1)",2,Qtilde r=-0.8,qtilde,0.49877895,lower,marginal,0.50,-0.8,,1,1000, 17.900,2.747768e+01, 0.868920608, 16.1969469, 19.603053,0.0485430507,0,asymp
 50,200,Cauchy,"Cauchy(0,1)",2,Qtilde r=-0.8,qtilde,0.49877895,lower,marginal,0.50,-0.8,,5,1000, 61.766,7.503628e+01, 2.372855598, 57.1152885, 66.416712,0.0384168571,0,asymp
 50,200,Cauchy,"Cauchy(0,1)",3,Qtilde r=-0.9,qtilde,0.49931892,lower,marginal,0.50,-0.9,,1,1000, 39.951,7.046944e+01, 2.228439486, 35.5833389, 44.318661,0.0557793168,0,asymp
 50,200,Cauchy,"Cauchy(0,1)",3,Qtilde r=-0.9,qtilde,0.49931892,lower,marginal,0.50,-0.9,,5,1000,137.720,1.879904e+02, 5.944778043,126.0684491,149.371551,0.0431656843,0,asymp
 50,200,Cauchy,"Cauchy(0,1)",4,Qbar lambda=0.95,qbar,0.07514659,lower,marginal,0.95, 1.0,,1,1000, 11.185,1.642536e+01, 0.519415602, 10.1669641, 12.203036,0.0464385876,0,asymp
 50,200,Cauchy,"Cauchy(0,1)",4,Qbar lambda=0.95,qbar,0.07514659,lower,marginal,0.95, 1.0,,5,1000, 53.293,5.348317e+01, 1.691286375, 49.9781396, 56.607860,0.0317356196,0,asymp
 50,200,Cauchy,"Cauchy(0,1)",5,KS Shewhart statistic,ks_shewhart,0.28416382,upper,,,,,1,1000, 17.895,2.420682e+01, 0.765486737, 16.3946736, 19.395326,0.0427765710,0,asymp
 50,200,Cauchy,"Cauchy(0,1)",5,KS Shewhart statistic,ks_shewhart,0.28416382,upper,,,,,5,1000, 92.026,8.885105e+01, 2.809717038, 86.5190558, 97.532944,0.0305317740,0,asymp
 50,200,Cauchy,"Cauchy(0,1)",6,KS-EWMA statistic,ks_ewma,0.18303824,upper,,0.20,,,1,1000,  2.373,3.110876e+00, 0.098374532,  2.1801895,  2.565811,0.0414557657,0,asymp
 50,200,Cauchy,"Cauchy(0,1)",6,KS-EWMA statistic,ks_ewma,0.18303824,upper,,0.20,,,5,1000,  7.064,4.948372e+00, 0.156481278,  6.7573023,  7.370698,0.0221519363,0,asymp
 50,200,Cauchy,"Cauchy(0,1)",7,KS-CUSUM statistic,ks_cusum,0.15828665,upper,,,,0.1715753,1,1000,  5.493,4.591190e+00, 0.145186191,  5.2084403,  5.777560,0.0264311289,0,asymp
 50,200,Cauchy,"Cauchy(0,1)",7,KS-CUSUM statistic,ks_cusum,0.15828665,upper,,,,0.1715753,5,1000,  9.817,5.020829e+00, 0.158772541,  9.5058115, 10.128188,0.0161732241,0,asymp
 50,200,dyn_mu_half,"N(mu_t,1), mu_t~N(0,1/2)",1,p-value Shewhart,p_shewhart,0.03980341,lower,marginal,,,,1,1000,  2.103,1.501548e+00, 0.047483109,  2.0099348,  2.196065,0.0225787490,0,asymp
 50,200,dyn_mu_half,"N(mu_t,1), mu_t~N(0,1/2)",1,p-value Shewhart,p_shewhart,0.03980341,lower,marginal,,,,5,1000, 10.304,3.436480e+00, 0.108671033, 10.0910087, 10.516991,0.0105464900,0,asymp
 50,200,dyn_mu_half,"N(mu_t,1), mu_t~N(0,1/2)",2,Qtilde r=-0.8,qtilde,0.49877895,lower,marginal,0.50,-0.8,,1,1000,  2.035,1.501342e+00, 0.047476616,  1.9419475,  2.128052,0.0233300322,0,asymp
 50,200,dyn_mu_half,"N(mu_t,1), mu_t~N(0,1/2)",2,Qtilde r=-0.8,qtilde,0.49877895,lower,marginal,0.50,-0.8,,5,1000,  6.299,1.782913e+00, 0.056380651,  6.1884960,  6.409504,0.0089507304,0,asymp
 50,200,dyn_mu_half,"N(mu_t,1), mu_t~N(0,1/2)",3,Qtilde r=-0.9,qtilde,0.49931892,lower,marginal,0.50,-0.9,,1,1000,  2.245,1.766379e+00, 0.055857811,  2.1355207,  2.354479,0.0248809850,0,asymp
 50,200,dyn_mu_half,"N(mu_t,1), mu_t~N(0,1/2)",3,Qtilde r=-0.9,qtilde,0.49931892,lower,marginal,0.50,-0.9,,5,1000,  6.578,2.066927e+00, 0.065361978,  6.4498929,  6.706107,0.0099364515,0,asymp
 50,200,dyn_mu_half,"N(mu_t,1), mu_t~N(0,1/2)",4,Qbar lambda=0.95,qbar,0.07514659,lower,marginal,0.95, 1.0,,1,1000,  1.953,1.354484e+00, 0.042832530,  1.8690498,  2.036950,0.0219316590,0,asymp
 50,200,dyn_mu_half,"N(mu_t,1), mu_t~N(0,1/2)",4,Qbar lambda=0.95,qbar,0.07514659,lower,marginal,0.95, 1.0,,5,1000,  9.526,3.114647e+00, 0.098493782,  9.3329557,  9.719044,0.0103394690,0,asymp
 50,200,dyn_mu_half,"N(mu_t,1), mu_t~N(0,1/2)",5,KS Shewhart statistic,ks_shewhart,0.28416382,upper,,,,,1,1000,  2.133,1.534166e+00, 0.048514582,  2.0379132,  2.228087,0.0227447642,0,asymp
 50,200,dyn_mu_half,"N(mu_t,1), mu_t~N(0,1/2)",5,KS Shewhart statistic,ks_shewhart,0.28416382,upper,,,,,5,1000, 10.453,3.475323e+00, 0.109899358, 10.2376012, 10.668399,0.0105136667,0,asymp
 50,200,dyn_mu_half,"N(mu_t,1), mu_t~N(0,1/2)",6,KS-EWMA statistic,ks_ewma,0.18303824,upper,,0.20,,,1,1000,  1.587,1.252997e+00, 0.039623238,  1.5093399,  1.664660,0.0249673838,0,asymp
 50,200,dyn_mu_half,"N(mu_t,1), mu_t~N(0,1/2)",6,KS-EWMA statistic,ks_ewma,0.18303824,upper,,0.20,,,5,1000,  5.663,1.372339e+00, 0.043397169,  5.5779431,  5.748057,0.0076632826,0,asymp
 50,200,dyn_mu_half,"N(mu_t,1), mu_t~N(0,1/2)",7,KS-CUSUM statistic,ks_cusum,0.15828665,upper,,,,0.1715753,1,1000,  2.258,1.383962e+00, 0.043764727,  2.1722227,  2.343777,0.0193820758,0,asymp
 50,200,dyn_mu_half,"N(mu_t,1), mu_t~N(0,1/2)",7,KS-CUSUM statistic,ks_cusum,0.15828665,upper,,,,0.1715753,5,1000,  6.336,1.425881e+00, 0.045090322,  6.2476246,  6.424375,0.0071165281,0,asymp
 50,200,dyn_mu_quarter,"N(mu_t,1), mu_t~N(0,1/4)",1,p-value Shewhart,p_shewhart,0.03980341,lower,marginal,,,,1,1000,  2.762,2.333839e+00, 0.073802458,  2.6173498,  2.906650,0.0267206582,0,asymp
 50,200,dyn_mu_quarter,"N(mu_t,1), mu_t~N(0,1/4)",1,p-value Shewhart,p_shewhart,0.03980341,lower,marginal,,,,5,1000, 14.026,5.563117e+00, 0.175921210, 13.6812008, 14.370799,0.0125425075,0,asymp
 50,200,dyn_mu_quarter,"N(mu_t,1), mu_t~N(0,1/4)",2,Qtilde r=-0.8,qtilde,0.49877895,lower,marginal,0.50,-0.8,,1,1000,  2.676,2.299633e+00, 0.072720783,  2.5334699,  2.818530,0.0271751806,0,asymp
 50,200,dyn_mu_quarter,"N(mu_t,1), mu_t~N(0,1/4)",2,Qtilde r=-0.8,qtilde,0.49877895,lower,marginal,0.50,-0.8,,5,1000,  7.554,3.389184e+00, 0.107175420,  7.3439400,  7.764060,0.0141879030,0,asymp
 50,200,dyn_mu_quarter,"N(mu_t,1), mu_t~N(0,1/4)",3,Qtilde r=-0.9,qtilde,0.49931892,lower,marginal,0.50,-0.9,,1,1000,  3.114,2.951222e+00, 0.093325847,  2.9310847,  3.296915,0.0299697646,0,asymp
 50,200,dyn_mu_quarter,"N(mu_t,1), mu_t~N(0,1/4)",3,Qtilde r=-0.9,qtilde,0.49931892,lower,marginal,0.50,-0.9,,5,1000,  8.268,4.282583e+00, 0.135427163,  8.0025676,  8.533432,0.0163796762,0,asymp
 50,200,dyn_mu_quarter,"N(mu_t,1), mu_t~N(0,1/4)",4,Qbar lambda=0.95,qbar,0.07514659,lower,marginal,0.95, 1.0,,1,1000,  2.503,2.069365e+00, 0.065439081,  2.3747418,  2.631258,0.0261442591,0,asymp
 50,200,dyn_mu_quarter,"N(mu_t,1), mu_t~N(0,1/4)",4,Qbar lambda=0.95,qbar,0.07514659,lower,marginal,0.95, 1.0,,5,1000, 12.626,5.090977e+00, 0.160990814, 12.3104638, 12.941536,0.0127507376,0,asymp
 50,200,dyn_mu_quarter,"N(mu_t,1), mu_t~N(0,1/4)",5,KS Shewhart statistic,ks_shewhart,0.28416382,upper,,,,,1,1000,  2.782,2.371941e+00, 0.075007347,  2.6349883,  2.929012,0.0269616632,0,asymp
 50,200,dyn_mu_quarter,"N(mu_t,1), mu_t~N(0,1/4)",5,KS Shewhart statistic,ks_shewhart,0.28416382,upper,,,,,5,1000, 14.371,5.726094e+00, 0.181074977, 14.0160996, 14.725900,0.0126000262,0,asymp
 50,200,dyn_mu_quarter,"N(mu_t,1), mu_t~N(0,1/4)",6,KS-EWMA statistic,ks_ewma,0.18303824,upper,,0.20,,,1,1000,  1.987,1.924717e+00, 0.060864896,  1.8677070,  2.106293,0.0306315530,0,asymp
 50,200,dyn_mu_quarter,"N(mu_t,1), mu_t~N(0,1/4)",6,KS-EWMA statistic,ks_ewma,0.18303824,upper,,0.20,,,5,1000,  6.182,2.229315e+00, 0.070497134,  6.0438282,  6.320172,0.0114036127,0,asymp
 50,200,dyn_mu_quarter,"N(mu_t,1), mu_t~N(0,1/4)",7,KS-CUSUM statistic,ks_cusum,0.15828665,upper,,,,0.1715753,1,1000,  2.808,1.910179e+00, 0.060405172,  2.6896080,  2.926392,0.0215118133,0,asymp
 50,200,dyn_mu_quarter,"N(mu_t,1), mu_t~N(0,1/4)",7,KS-CUSUM statistic,ks_cusum,0.15828665,upper,,,,0.1715753,5,1000,  6.989,2.082598e+00, 0.065857545,  6.8599216,  7.118078,0.0094230283,0,asymp
 50,200,dyn_var_chi1,"N(0,sigma_t^2), sigma_t^2~chi^2_1",1,p-value Shewhart,p_shewhart,0.03980341,lower,marginal,,,,1,1000,  2.508,2.031764e+00, 0.064250012,  2.3820723,  2.633928,0.0256180272,0,asymp
 50,200,dyn_var_chi1,"N(0,sigma_t^2), sigma_t^2~chi^2_1",1,p-value Shewhart,p_shewhart,0.03980341,lower,marginal,,,,5,1000, 12.832,5.220060e+00, 0.165072787, 12.5084633, 13.155537,0.0128641511,0,asymp
 50,200,dyn_var_chi1,"N(0,sigma_t^2), sigma_t^2~chi^2_1",2,Qtilde r=-0.8,qtilde,0.49877895,lower,marginal,0.50,-0.8,,1,1000,  2.428,2.040338e+00, 0.064521151,  2.3015409,  2.554459,0.0265737856,0,asymp
 50,200,dyn_var_chi1,"N(0,sigma_t^2), sigma_t^2~chi^2_1",2,Qtilde r=-0.8,qtilde,0.49877895,lower,marginal,0.50,-0.8,,5,1000,  7.032,2.729914e+00, 0.086327449,  6.8628013,  7.201199,0.0122763721,0,asymp
 50,200,dyn_var_chi1,"N(0,sigma_t^2), sigma_t^2~chi^2_1",3,Qtilde r=-0.9,qtilde,0.49931892,lower,marginal,0.50,-0.9,,1,1000,  2.799,2.457771e+00, 0.077721552,  2.6466686,  2.951331,0.0277676141,0,asymp
 50,200,dyn_var_chi1,"N(0,sigma_t^2), sigma_t^2~chi^2_1",3,Qtilde r=-0.9,qtilde,0.49931892,lower,marginal,0.50,-0.9,,5,1000,  7.487,3.249059e+00, 0.102744282,  7.2856249,  7.688375,0.0137230241,0,asymp
 50,200,dyn_var_chi1,"N(0,sigma_t^2), sigma_t^2~chi^2_1",4,Qbar lambda=0.95,qbar,0.07514659,lower,marginal,0.95, 1.0,,1,1000,  2.309,1.878576e+00, 0.059405791,  2.1925668,  2.425433,0.0257279304,0,asymp
 50,200,dyn_var_chi1,"N(0,sigma_t^2), sigma_t^2~chi^2_1",4,Qbar lambda=0.95,qbar,0.07514659,lower,marginal,0.95, 1.0,,5,1000, 11.519,4.599434e+00, 0.145446876, 11.2339294, 11.804071,0.0126266930,0,asymp
 50,200,dyn_var_chi1,"N(0,sigma_t^2), sigma_t^2~chi^2_1",5,KS Shewhart statistic,ks_shewhart,0.28416382,upper,,,,,1,1000,  2.667,2.240788e+00, 0.070859947,  2.5281171,  2.805883,0.0265691591,0,asymp
 50,200,dyn_var_chi1,"N(0,sigma_t^2), sigma_t^2~chi^2_1",5,KS Shewhart statistic,ks_shewhart,0.28416382,upper,,,,,5,1000, 13.269,5.509900e+00, 0.174238337, 12.9274991, 13.610501,0.0131312335,0,asymp
 50,200,dyn_var_chi1,"N(0,sigma_t^2), sigma_t^2~chi^2_1",6,KS-EWMA statistic,ks_ewma,0.18303824,upper,,0.20,,,1,1000,  1.750,1.538788e+00, 0.048660743,  1.6546267,  1.845373,0.0278061386,0,asymp
 50,200,dyn_var_chi1,"N(0,sigma_t^2), sigma_t^2~chi^2_1",6,KS-EWMA statistic,ks_ewma,0.18303824,upper,,0.20,,,5,1000,  5.860,1.762244e+00, 0.055727063,  5.7507770,  5.969223,0.0095097376,0,asymp
 50,200,dyn_var_chi1,"N(0,sigma_t^2), sigma_t^2~chi^2_1",7,KS-CUSUM statistic,ks_cusum,0.15828665,upper,,,,0.1715753,1,1000,  2.591,1.683613e+00, 0.053240525,  2.4866505,  2.695350,0.0205482538,0,asymp
 50,200,dyn_var_chi1,"N(0,sigma_t^2), sigma_t^2~chi^2_1",7,KS-CUSUM statistic,ks_cusum,0.15828665,upper,,,,0.1715753,5,1000,  6.712,1.798413e+00, 0.056870821,  6.6005352,  6.823465,0.0084730067,0,asymp
 50,200,dyn_var_chi2,"N(0,sigma_t^2), sigma_t^2~chi^2_2",1,p-value Shewhart,p_shewhart,0.03980341,lower,marginal,,,,1,1000,  4.653,4.434440e+00, 0.140229295,  4.3781556,  4.927844,0.0301373942,0,asymp
 50,200,dyn_var_chi2,"N(0,sigma_t^2), sigma_t^2~chi^2_2",1,p-value Shewhart,p_shewhart,0.03980341,lower,marginal,,,,5,1000, 23.127,1.153959e+01, 0.364913734, 22.4117822, 23.842218,0.0157786887,0,asymp
 50,200,dyn_var_chi2,"N(0,sigma_t^2), sigma_t^2~chi^2_2",2,Qtilde r=-0.8,qtilde,0.49877895,lower,marginal,0.50,-0.8,,1,1000,  4.410,4.473691e+00, 0.141470541,  4.1327228,  4.687277,0.0320794877,0,asymp
 50,200,dyn_var_chi2,"N(0,sigma_t^2), sigma_t^2~chi^2_2",2,Qtilde r=-0.8,qtilde,0.49877895,lower,marginal,0.50,-0.8,,5,1000, 12.225,7.907269e+00, 0.250049795, 11.7349114, 12.715089,0.0204539709,0,asymp
 50,200,dyn_var_chi2,"N(0,sigma_t^2), sigma_t^2~chi^2_2",3,Qtilde r=-0.9,qtilde,0.49931892,lower,marginal,0.50,-0.9,,1,1000,  6.095,6.107149e+00, 0.193125017,  5.7164819,  6.473518,0.0316858109,0,asymp
 50,200,dyn_var_chi2,"N(0,sigma_t^2), sigma_t^2~chi^2_2",3,Qtilde r=-0.9,qtilde,0.49931892,lower,marginal,0.50,-0.9,,5,1000, 15.782,1.100207e+01, 0.347915969, 15.1000972, 16.463903,0.0220451127,0,asymp
 50,200,dyn_var_chi2,"N(0,sigma_t^2), sigma_t^2~chi^2_2",4,Qbar lambda=0.95,qbar,0.07514659,lower,marginal,0.95, 1.0,,1,1000,  3.865,3.821437e+00, 0.120844439,  3.6281493,  4.101851,0.0312663490,0,asymp
 50,200,dyn_var_chi2,"N(0,sigma_t^2), sigma_t^2~chi^2_2",4,Qbar lambda=0.95,qbar,0.07514659,lower,marginal,0.95, 1.0,,5,1000, 19.440,9.863351e+00, 0.311906534, 18.8286744, 20.051326,0.0160445748,0,asymp
 50,200,dyn_var_chi2,"N(0,sigma_t^2), sigma_t^2~chi^2_2",5,KS Shewhart statistic,ks_shewhart,0.28416382,upper,,,,,1,1000,  4.944,4.656882e+00, 0.147263541,  4.6553688,  5.232631,0.0297863150,0,asymp
 50,200,dyn_var_chi2,"N(0,sigma_t^2), sigma_t^2~chi^2_2",5,KS Shewhart statistic,ks_shewhart,0.28416382,upper,,,,,5,1000, 24.463,1.221711e+01, 0.386339085, 23.7057893, 25.220211,0.0157927926,0,asymp
 50,200,dyn_var_chi2,"N(0,sigma_t^2), sigma_t^2~chi^2_2",6,KS-EWMA statistic,ks_ewma,0.18303824,upper,,0.20,,,1,1000,  2.388,2.585758e+00, 0.081768834,  2.2277360,  2.548264,0.0342415551,0,asymp
 50,200,dyn_var_chi2,"N(0,sigma_t^2), sigma_t^2~chi^2_2",6,KS-EWMA statistic,ks_ewma,0.18303824,upper,,0.20,,,5,1000,  6.887,3.504642e+00, 0.110826502,  6.6697840,  7.104216,0.0160921304,0,asymp
 50,200,dyn_var_chi2,"N(0,sigma_t^2), sigma_t^2~chi^2_2",7,KS-CUSUM statistic,ks_cusum,0.15828665,upper,,,,0.1715753,1,1000,  4.055,2.734493e+00, 0.086472264,  3.8855175,  4.224483,0.0213248493,0,asymp
 50,200,dyn_var_chi2,"N(0,sigma_t^2), sigma_t^2~chi^2_2",7,KS-CUSUM statistic,ks_cusum,0.15828665,upper,,,,0.1715753,5,1000,  8.416,3.091035e+00, 0.097747115,  8.2244192,  8.607581,0.0116144386,0,asymp
 50,500,N_0.5_1,"N(1/2,1)",1,p-value Shewhart,p_shewhart,0.02564346,lower,marginal,,,,1,1000,  9.392,4.666054e+01, 1.475535680,  6.5000032, 12.283997,0.1571055877,0,asymp
 50,500,N_0.5_1,"N(1/2,1)",1,p-value Shewhart,p_shewhart,0.02564346,lower,marginal,,,,5,1000, 47.423,1.832405e+02, 5.794571868, 36.0658478, 58.780152,0.1221890616,0,asymp
 50,500,N_0.5_1,"N(1/2,1)",2,Qtilde r=-0.8,qtilde,0.40025649,lower,marginal,0.50,-0.8,,1,1000,  8.522,4.735358e+01, 1.497451795,  5.5870484, 11.456952,0.1757160050,0,asymp
 50,500,N_0.5_1,"N(1/2,1)",2,Qtilde r=-0.8,qtilde,0.40025649,lower,marginal,0.50,-0.8,,5,1000, 30.536,1.594675e+02, 5.042806421, 20.6522810, 40.419719,0.1651429926,0,asymp
 50,500,N_0.5_1,"N(1/2,1)",3,Qtilde r=-0.9,qtilde,0.49931892,lower,marginal,0.50,-0.9,,1,1000, 12.977,7.163755e+01, 2.265378204,  8.5369403, 17.417060,0.1745687142,0,asymp
 50,500,N_0.5_1,"N(1/2,1)",3,Qtilde r=-0.9,qtilde,0.49931892,lower,marginal,0.50,-0.9,,5,1000, 47.000,2.648130e+02, 8.374123593, 30.5870194, 63.412981,0.1781728424,0,asymp
 50,500,N_0.5_1,"N(1/2,1)",4,Qbar lambda=0.95,qbar,0.05269438,lower,marginal,0.95, 1.0,,1,1000,  8.491,5.214638e+01, 1.649013391,  5.2589931, 11.723007,0.1942072066,0,asymp
 50,500,N_0.5_1,"N(1/2,1)",4,Qbar lambda=0.95,qbar,0.05269438,lower,marginal,0.95, 1.0,,5,1000, 41.194,1.953382e+02, 6.177137638, 29.0870327, 53.300967,0.1499523629,0,asymp
 50,500,N_0.5_1,"N(1/2,1)",5,KS Shewhart statistic,ks_shewhart,0.29952930,upper,,,,,1,1000,  9.172,3.923220e+01, 1.240631122,  6.7404077, 11.603592,0.1352628786,0,asymp
 50,500,N_0.5_1,"N(1/2,1)",5,KS Shewhart statistic,ks_shewhart,0.29952930,upper,,,,,5,1000, 48.300,1.857035e+02, 5.872459602, 36.7901907, 59.809809,0.1215830145,0,asymp
 50,500,N_0.5_1,"N(1/2,1)",6,KS-EWMA statistic,ks_ewma,0.18880029,upper,,0.20,,,1,1000,  2.130,9.340897e+00, 0.295385092,  1.5510559,  2.708944,0.1386784468,0,asymp
 50,500,N_0.5_1,"N(1/2,1)",6,KS-EWMA statistic,ks_ewma,0.18880029,upper,,0.20,,,5,1000, 11.898,9.731540e+01, 3.077383285,  5.8664396, 17.929560,0.2586471075,0,asymp
 50,500,N_0.5_1,"N(1/2,1)",7,KS-CUSUM statistic,ks_cusum,0.19444275,upper,,,,0.1715753,1,1000,  5.693,3.223985e+01, 1.019513688,  3.6947899,  7.691210,0.1790819757,0,asymp
 50,500,N_0.5_1,"N(1/2,1)",7,KS-CUSUM statistic,ks_cusum,0.19444275,upper,,,,0.1715753,5,1000, 12.942,7.903159e+01, 2.499198397,  8.0436612, 17.840339,0.1931075875,0,asymp
 50,500,N_1_1,"N(1,1)",1,p-value Shewhart,p_shewhart,0.02564346,lower,marginal,,,,1,1000,  1.023,1.746468e-01, 0.005522816,  1.0121755,  1.033825,0.0053986476,0,asymp
 50,500,N_1_1,"N(1,1)",1,p-value Shewhart,p_shewhart,0.02564346,lower,marginal,,,,5,1000,  5.140,5.501842e-01, 0.017398353,  5.1058999,  5.174100,0.0033848937,0,asymp
 50,500,N_1_1,"N(1,1)",2,Qtilde r=-0.8,qtilde,0.40025649,lower,marginal,0.50,-0.8,,1,1000,  1.010,9.954853e-02, 0.003148001,  1.0038300,  1.016170,0.0031168326,0,asymp
 50,500,N_1_1,"N(1,1)",2,Qtilde r=-0.8,qtilde,0.40025649,lower,marginal,0.50,-0.8,,5,1000,  5.013,1.133307e-01, 0.003583831,  5.0059758,  5.020024,0.0007149074,0,asymp
 50,500,N_1_1,"N(1,1)",3,Qtilde r=-0.9,qtilde,0.49931892,lower,marginal,0.50,-0.9,,1,1000,  1.018,1.539471e-01, 0.004868234,  1.0084584,  1.027542,0.0047821549,0,asymp
 50,500,N_1_1,"N(1,1)",3,Qtilde r=-0.9,qtilde,0.49931892,lower,marginal,0.50,-0.9,,5,1000,  5.024,1.829138e-01, 0.005784242,  5.0126631,  5.035337,0.0011513221,0,asymp
 50,500,N_1_1,"N(1,1)",4,Qbar lambda=0.95,qbar,0.05269438,lower,marginal,0.95, 1.0,,1,1000,  1.011,1.043546e-01, 0.003299983,  1.0045322,  1.017468,0.0032640785,0,asymp
 50,500,N_1_1,"N(1,1)",4,Qbar lambda=0.95,qbar,0.05269438,lower,marginal,0.95, 1.0,,5,1000,  5.057,2.825435e-01, 0.008934810,  5.0394881,  5.074512,0.0017668203,0,asymp
 50,500,N_1_1,"N(1,1)",5,KS Shewhart statistic,ks_shewhart,0.29952930,upper,,,,,1,1000,  1.029,1.954410e-01, 0.006180388,  1.0168867,  1.041113,0.0060062081,0,asymp
 50,500,N_1_1,"N(1,1)",5,KS Shewhart statistic,ks_shewhart,0.29952930,upper,,,,,5,1000,  5.169,8.031713e-01, 0.025398506,  5.1192198,  5.218780,0.0049136207,0,asymp
 50,500,N_1_1,"N(1,1)",6,KS-EWMA statistic,ks_ewma,0.18880029,upper,,0.20,,,1,1000,  1.000,0.000000e+00, 0.000000000,  1.0000000,  1.000000,0.0000000000,0,asymp
 50,500,N_1_1,"N(1,1)",6,KS-EWMA statistic,ks_ewma,0.18880029,upper,,0.20,,,5,1000,  5.000,0.000000e+00, 0.000000000,  5.0000000,  5.000000,0.0000000000,0,asymp
 50,500,N_1_1,"N(1,1)",7,KS-CUSUM statistic,ks_cusum,0.19444275,upper,,,,0.1715753,1,1000,  1.158,3.757355e-01, 0.011881800,  1.1347121,  1.181288,0.0102606220,0,asymp
 50,500,N_1_1,"N(1,1)",7,KS-CUSUM statistic,ks_cusum,0.19444275,upper,,,,0.1715753,5,1000,  5.158,3.757355e-01, 0.011881800,  5.1347121,  5.181288,0.0023035673,0,asymp
 50,500,N_0_2,"N(0,2)",1,p-value Shewhart,p_shewhart,0.02564346,lower,marginal,,,,1,1000, 72.862,1.702085e+02, 5.382465038, 62.3125624, 83.411438,0.0738720463,0,asymp
 50,500,N_0_2,"N(0,2)",1,p-value Shewhart,p_shewhart,0.02564346,lower,marginal,,,,5,1000,351.007,6.259190e+02,19.793297087,312.2128506,389.801149,0.0563900352,0,asymp
 50,500,N_0_2,"N(0,2)",2,Qtilde r=-0.8,qtilde,0.40025649,lower,marginal,0.50,-0.8,,1,1000, 67.562,1.689307e+02, 5.342057444, 57.0917598, 78.032240,0.0790689655,0,asymp
 50,500,N_0_2,"N(0,2)",2,Qtilde r=-0.8,qtilde,0.40025649,lower,marginal,0.50,-0.8,,5,1000,242.979,5.038057e+02,15.931733637,211.7533759,274.204624,0.0655683563,0,asymp
 50,500,N_0_2,"N(0,2)",3,Qtilde r=-0.9,qtilde,0.49931892,lower,marginal,0.50,-0.9,,1,1000,101.230,2.406338e+02, 7.609509296, 86.3156358,116.144364,0.0751704959,0,asymp
 50,500,N_0_2,"N(0,2)",3,Qtilde r=-0.9,qtilde,0.49931892,lower,marginal,0.50,-0.9,,5,1000,410.182,1.090817e+03,34.494664381,342.5737002,477.790300,0.0840959973,0,asymp
 50,500,N_0_2,"N(0,2)",4,Qbar lambda=0.95,qbar,0.05269438,lower,marginal,0.95, 1.0,,1,1000, 70.165,2.381929e+02, 7.532321664, 55.4019208, 84.928079,0.1073515523,0,asymp
 50,500,N_0_2,"N(0,2)",4,Qbar lambda=0.95,qbar,0.05269438,lower,marginal,0.95, 1.0,,5,1000,353.383,9.188822e+02,29.057606316,296.4311381,410.334862,0.0822269501,0,asymp
 50,500,N_0_2,"N(0,2)",5,KS Shewhart statistic,ks_shewhart,0.29952930,upper,,,,,1,1000, 76.269,1.815291e+02, 5.740455336, 65.0179143, 87.520086,0.0752659054,0,asymp
 50,500,N_0_2,"N(0,2)",5,KS Shewhart statistic,ks_shewhart,0.29952930,upper,,,,,5,1000,357.341,5.871346e+02,18.566825354,320.9506910,393.731309,0.0519582845,0,asymp
 50,500,N_0_2,"N(0,2)",6,KS-EWMA statistic,ks_ewma,0.18880029,upper,,0.20,,,1,1000, 38.459,6.952241e+02,21.984916167, -4.6306439, 81.548644,0.5716455489,0,asymp
 50,500,N_0_2,"N(0,2)",6,KS-EWMA statistic,ks_ewma,0.18880029,upper,,0.20,,,5,1000,110.580,1.128176e+03,35.676044564, 40.6562375,180.503762,0.3226265560,0,asymp
 50,500,N_0_2,"N(0,2)",7,KS-CUSUM statistic,ks_cusum,0.19444275,upper,,,,0.1715753,1,1000, 32.411,1.601615e+02, 5.064750119, 22.4842722, 42.337728,0.1562663947,0,asymp
 50,500,N_0_2,"N(0,2)",7,KS-CUSUM statistic,ks_cusum,0.19444275,upper,,,,0.1715753,5,1000, 89.739,8.791077e+02,27.799827721, 35.2523389,144.225661,0.3097853522,0,asymp
 50,500,Cauchy,"Cauchy(0,1)",1,p-value Shewhart,p_shewhart,0.02564346,lower,marginal,,,,1,1000, 31.347,4.553913e+01, 1.440073749, 28.5245073, 34.169493,0.0459397630,0,asymp
 50,500,Cauchy,"Cauchy(0,1)",1,p-value Shewhart,p_shewhart,0.02564346,lower,marginal,,,,5,1000,155.175,1.576253e+02, 4.984550543,145.4054605,164.944540,0.0321221237,0,asymp
 50,500,Cauchy,"Cauchy(0,1)",2,Qtilde r=-0.8,qtilde,0.40025649,lower,marginal,0.50,-0.8,,1,1000, 25.613,3.809938e+01, 1.204808198, 23.2516193, 27.974381,0.0470389333,0,asymp
 50,500,Cauchy,"Cauchy(0,1)",2,Qtilde r=-0.8,qtilde,0.40025649,lower,marginal,0.50,-0.8,,5,1000, 92.347,1.164606e+02, 3.682806763, 85.1288314, 99.565169,0.0398800910,0,asymp
 50,500,Cauchy,"Cauchy(0,1)",3,Qtilde r=-0.9,qtilde,0.49931892,lower,marginal,0.50,-0.9,,1,1000, 39.853,6.254927e+01, 1.977981750, 35.9762270, 43.729773,0.0496319411,0,asymp
 50,500,Cauchy,"Cauchy(0,1)",3,Qtilde r=-0.9,qtilde,0.49931892,lower,marginal,0.50,-0.9,,5,1000,138.754,1.779378e+02, 5.626886469,127.7255052,149.782495,0.0405529676,0,asymp
 50,500,Cauchy,"Cauchy(0,1)",4,Qbar lambda=0.95,qbar,0.05269438,lower,marginal,0.95, 1.0,,1,1000, 20.498,3.148599e+01, 0.995674326, 18.5465142, 22.449486,0.0485742183,0,asymp
 50,500,Cauchy,"Cauchy(0,1)",4,Qbar lambda=0.95,qbar,0.05269438,lower,marginal,0.95, 1.0,,5,1000,102.391,1.110062e+02, 3.510322846, 95.5108936,109.271106,0.0342835097,0,asymp
 50,500,Cauchy,"Cauchy(0,1)",5,KS Shewhart statistic,ks_shewhart,0.29952930,upper,,,,,1,1000, 33.138,4.795643e+01, 1.516515339, 30.1656846, 36.110315,0.0457636351,0,asymp
 50,500,Cauchy,"Cauchy(0,1)",5,KS Shewhart statistic,ks_shewhart,0.29952930,upper,,,,,5,1000,164.371,1.604454e+02, 5.073729801,154.4266723,174.315328,0.0308675484,0,asymp
 50,500,Cauchy,"Cauchy(0,1)",6,KS-EWMA statistic,ks_ewma,0.18880029,upper,,0.20,,,1,1000,  3.217,5.175587e+00, 0.163666422,  2.8962197,  3.537780,0.0508754809,0,asymp
 50,500,Cauchy,"Cauchy(0,1)",6,KS-EWMA statistic,ks_ewma,0.18880029,upper,,0.20,,,5,1000,  8.564,8.915907e+00, 0.281945735,  8.0113965,  9.116603,0.0329222016,0,asymp
 50,500,Cauchy,"Cauchy(0,1)",7,KS-CUSUM statistic,ks_cusum,0.19444275,upper,,,,0.1715753,1,1000,  6.679,5.328823e+00, 0.168512182,  6.3487222,  7.009278,0.0252301515,0,asymp
 50,500,Cauchy,"Cauchy(0,1)",7,KS-CUSUM statistic,ks_cusum,0.19444275,upper,,,,0.1715753,5,1000, 11.148,6.621476e+00, 0.209389446, 10.7376042, 11.558396,0.0187826916,0,asymp
 50,500,dyn_mu_half,"N(mu_t,1), mu_t~N(0,1/2)",1,p-value Shewhart,p_shewhart,0.02564346,lower,marginal,,,,1,1000,  2.304,1.722949e+00, 0.054484425,  2.1972125,  2.410788,0.0236477538,0,asymp
 50,500,dyn_mu_half,"N(mu_t,1), mu_t~N(0,1/2)",1,p-value Shewhart,p_shewhart,0.02564346,lower,marginal,,,,5,1000, 11.044,3.811114e+00, 0.120518001, 10.8077891, 11.280211,0.0109125318,0,asymp
 50,500,dyn_mu_half,"N(mu_t,1), mu_t~N(0,1/2)",2,Qtilde r=-0.8,qtilde,0.40025649,lower,marginal,0.50,-0.8,,1,1000,  2.145,1.658531e+00, 0.052447361,  2.0422051,  2.247795,0.0244509844,0,asymp
 50,500,dyn_mu_half,"N(mu_t,1), mu_t~N(0,1/2)",2,Qtilde r=-0.8,qtilde,0.40025649,lower,marginal,0.50,-0.8,,5,1000,  6.423,1.904652e+00, 0.060230380,  6.3049506,  6.541049,0.0093772972,0,asymp
 50,500,dyn_mu_half,"N(mu_t,1), mu_t~N(0,1/2)",3,Qtilde r=-0.9,qtilde,0.49931892,lower,marginal,0.50,-0.9,,1,1000,  2.255,1.739828e+00, 0.055018197,  2.1471663,  2.362834,0.0243983135,0,asymp
 50,500,dyn_mu_half,"N(mu_t,1), mu_t~N(0,1/2)",3,Qtilde r=-0.9,qtilde,0.49931892,lower,marginal,0.50,-0.9,,5,1000,  6.580,2.043961e+00, 0.064635731,  6.4533163,  6.706684,0.0098230595,0,asymp
 50,500,dyn_mu_half,"N(mu_t,1), mu_t~N(0,1/2)",4,Qbar lambda=0.95,qbar,0.05269438,lower,marginal,0.95, 1.0,,1,1000,  2.174,1.664480e+00, 0.052635487,  2.0708363,  2.277164,0.0242113556,0,asymp
 50,500,dyn_mu_half,"N(mu_t,1), mu_t~N(0,1/2)",4,Qbar lambda=0.95,qbar,0.05269438,lower,marginal,0.95, 1.0,,5,1000, 10.422,3.709943e+00, 0.117318710, 10.1920596, 10.651940,0.0112568326,0,asymp
 50,500,dyn_mu_half,"N(mu_t,1), mu_t~N(0,1/2)",5,KS Shewhart statistic,ks_shewhart,0.29952930,upper,,,,,1,1000,  2.327,1.723671e+00, 0.054507266,  2.2201677,  2.433832,0.0234238358,0,asymp
 50,500,dyn_mu_half,"N(mu_t,1), mu_t~N(0,1/2)",5,KS Shewhart statistic,ks_shewhart,0.29952930,upper,,,,,5,1000, 11.191,3.859458e+00, 0.122046771, 10.9517927, 11.430207,0.0109057967,0,asymp
 50,500,dyn_mu_half,"N(mu_t,1), mu_t~N(0,1/2)",6,KS-EWMA statistic,ks_ewma,0.18880029,upper,,0.20,,,1,1000,  1.636,1.347338e+00, 0.042606564,  1.5524927,  1.719507,0.0260431322,0,asymp
 50,500,dyn_mu_half,"N(mu_t,1), mu_t~N(0,1/2)",6,KS-EWMA statistic,ks_ewma,0.18880029,upper,,0.20,,,5,1000,  5.728,1.492730e+00, 0.047204282,  5.6354813,  5.820519,0.0082409710,0,asymp
 50,500,dyn_mu_half,"N(mu_t,1), mu_t~N(0,1/2)",7,KS-CUSUM statistic,ks_cusum,0.19444275,upper,,,,0.1715753,1,1000,  2.560,1.568713e+00, 0.049607065,  2.4627719,  2.657228,0.0193777596,0,asymp
 50,500,dyn_mu_half,"N(mu_t,1), mu_t~N(0,1/2)",7,KS-CUSUM statistic,ks_cusum,0.19444275,upper,,,,0.1715753,5,1000,  6.624,1.606613e+00, 0.050805563,  6.5244229,  6.723577,0.0076699219,0,asymp
 50,500,dyn_mu_quarter,"N(mu_t,1), mu_t~N(0,1/4)",1,p-value Shewhart,p_shewhart,0.02564346,lower,marginal,,,,1,1000,  3.167,2.954630e+00, 0.093433617,  2.9838735,  3.350127,0.0295022473,0,asymp
 50,500,dyn_mu_quarter,"N(mu_t,1), mu_t~N(0,1/4)",1,p-value Shewhart,p_shewhart,0.02564346,lower,marginal,,,,5,1000, 16.199,6.973380e+00, 0.220517634, 15.7667934, 16.631207,0.0136130400,0,asymp
 50,500,dyn_mu_quarter,"N(mu_t,1), mu_t~N(0,1/4)",2,Qtilde r=-0.8,qtilde,0.40025649,lower,marginal,0.50,-0.8,,1,1000,  2.885,2.699456e+00, 0.085364290,  2.7176891,  3.052311,0.0295890088,0,asymp
 50,500,dyn_mu_quarter,"N(mu_t,1), mu_t~N(0,1/4)",2,Qtilde r=-0.8,qtilde,0.40025649,lower,marginal,0.50,-0.8,,5,1000,  7.902,3.669859e+00, 0.116051126,  7.6745440,  8.129456,0.0146862979,0,asymp
 50,500,dyn_mu_quarter,"N(mu_t,1), mu_t~N(0,1/4)",3,Qtilde r=-0.9,qtilde,0.49931892,lower,marginal,0.50,-0.9,,1,1000,  3.168,3.060252e+00, 0.096773659,  2.9783271,  3.357673,0.0305472410,0,asymp
 50,500,dyn_mu_quarter,"N(mu_t,1), mu_t~N(0,1/4)",3,Qtilde r=-0.9,qtilde,0.49931892,lower,marginal,0.50,-0.9,,5,1000,  8.292,4.158850e+00, 0.131514380,  8.0342366,  8.549763,0.0158603931,0,asymp
 50,500,dyn_mu_quarter,"N(mu_t,1), mu_t~N(0,1/4)",4,Qbar lambda=0.95,qbar,0.05269438,lower,marginal,0.95, 1.0,,1,1000,  2.961,2.705698e+00, 0.085561672,  2.7933022,  3.128698,0.0288962082,0,asymp
 50,500,dyn_mu_quarter,"N(mu_t,1), mu_t~N(0,1/4)",4,Qbar lambda=0.95,qbar,0.05269438,lower,marginal,0.95, 1.0,,5,1000, 14.925,6.609619e+00, 0.209014502, 14.5153391, 15.334661,0.0140043217,0,asymp
 50,500,dyn_mu_quarter,"N(mu_t,1), mu_t~N(0,1/4)",5,KS Shewhart statistic,ks_shewhart,0.29952930,upper,,,,,1,1000,  3.241,3.023915e+00, 0.095624594,  3.0535792,  3.428421,0.0295046573,0,asymp
 50,500,dyn_mu_quarter,"N(mu_t,1), mu_t~N(0,1/4)",5,KS Shewhart statistic,ks_shewhart,0.29952930,upper,,,,,5,1000, 16.385,7.086819e+00, 0.224104882, 15.9457625, 16.824237,0.0136774417,0,asymp
 50,500,dyn_mu_quarter,"N(mu_t,1), mu_t~N(0,1/4)",6,KS-EWMA statistic,ks_ewma,0.18880029,upper,,0.20,,,1,1000,  2.166,2.214802e+00, 0.070038199,  2.0287277,  2.303272,0.0323352720,0,asymp
 50,500,dyn_mu_quarter,"N(mu_t,1), mu_t~N(0,1/4)",6,KS-EWMA statistic,ks_ewma,0.18880029,upper,,0.20,,,5,1000,  6.397,2.505128e+00, 0.079219105,  6.2417334,  6.552267,0.0123837901,0,asymp
 50,500,dyn_mu_quarter,"N(mu_t,1), mu_t~N(0,1/4)",7,KS-CUSUM statistic,ks_cusum,0.19444275,upper,,,,0.1715753,1,1000,  3.346,2.334038e+00, 0.073808751,  3.2013375,  3.490662,0.0220588019,0,asymp
 50,500,dyn_mu_quarter,"N(mu_t,1), mu_t~N(0,1/4)",7,KS-CUSUM statistic,ks_cusum,0.19444275,upper,,,,0.1715753,5,1000,  7.499,2.392012e+00, 0.075642057,  7.3507443,  7.647256,0.0100869525,0,asymp
 50,500,dyn_var_chi1,"N(0,sigma_t^2), sigma_t^2~chi^2_1",1,p-value Shewhart,p_shewhart,0.02564346,lower,marginal,,,,1,1000,  2.803,2.362578e+00, 0.074711263,  2.6565686,  2.949431,0.0266540359,0,asymp
 50,500,dyn_var_chi1,"N(0,sigma_t^2), sigma_t^2~chi^2_1",1,p-value Shewhart,p_shewhart,0.02564346,lower,marginal,,,,5,1000, 14.243,5.988473e+00, 0.189372154, 13.8718374, 14.614163,0.0132958053,0,asymp
 50,500,dyn_var_chi1,"N(0,sigma_t^2), sigma_t^2~chi^2_1",2,Qtilde r=-0.8,qtilde,0.40025649,lower,marginal,0.50,-0.8,,1,1000,  2.539,2.182944e+00, 0.069030749,  2.4037022,  2.674298,0.0271881641,0,asymp
 50,500,dyn_var_chi1,"N(0,sigma_t^2), sigma_t^2~chi^2_1",2,Qtilde r=-0.8,qtilde,0.40025649,lower,marginal,0.50,-0.8,,5,1000,  7.203,2.911403e+00, 0.092066646,  7.0225527,  7.383447,0.0127817084,0,asymp
 50,500,dyn_var_chi1,"N(0,sigma_t^2), sigma_t^2~chi^2_1",3,Qtilde r=-0.9,qtilde,0.49931892,lower,marginal,0.50,-0.9,,1,1000,  2.762,2.410221e+00, 0.076217880,  2.6126157,  2.911384,0.0275951772,0,asymp
 50,500,dyn_var_chi1,"N(0,sigma_t^2), sigma_t^2~chi^2_1",3,Qtilde r=-0.9,qtilde,0.49931892,lower,marginal,0.50,-0.9,,5,1000,  7.454,3.192817e+00, 0.100965727,  7.2561108,  7.651889,0.0135451740,0,asymp
 50,500,dyn_var_chi1,"N(0,sigma_t^2), sigma_t^2~chi^2_1",4,Qbar lambda=0.95,qbar,0.05269438,lower,marginal,0.95, 1.0,,1,1000,  2.619,2.389466e+00, 0.075561555,  2.4709021,  2.767098,0.0288513000,0,asymp
 50,500,dyn_var_chi1,"N(0,sigma_t^2), sigma_t^2~chi^2_1",4,Qbar lambda=0.95,qbar,0.05269438,lower,marginal,0.95, 1.0,,5,1000, 13.069,5.722498e+00, 0.180961283, 12.7143224, 13.423678,0.0138466052,0,asymp
 50,500,dyn_var_chi1,"N(0,sigma_t^2), sigma_t^2~chi^2_1",5,KS Shewhart statistic,ks_shewhart,0.29952930,upper,,,,,1,1000,  2.831,2.397955e+00, 0.075830002,  2.6823759,  2.979624,0.0267855888,0,asymp
 50,500,dyn_var_chi1,"N(0,sigma_t^2), sigma_t^2~chi^2_1",5,KS Shewhart statistic,ks_shewhart,0.29952930,upper,,,,,5,1000, 14.455,6.066694e+00, 0.191845719, 14.0789893, 14.831011,0.0132719280,0,asymp
 50,500,dyn_var_chi1,"N(0,sigma_t^2), sigma_t^2~chi^2_1",6,KS-EWMA statistic,ks_ewma,0.18880029,upper,,0.20,,,1,1000,  1.816,1.666410e+00, 0.052696498,  1.7127168,  1.919283,0.0290178955,0,asymp
 50,500,dyn_var_chi1,"N(0,sigma_t^2), sigma_t^2~chi^2_1",6,KS-EWMA statistic,ks_ewma,0.18880029,upper,,0.20,,,5,1000,  5.969,1.944176e+00, 0.061480231,  5.8485010,  6.089499,0.0102999214,0,asymp
 50,500,dyn_var_chi1,"N(0,sigma_t^2), sigma_t^2~chi^2_1",7,KS-CUSUM statistic,ks_cusum,0.19444275,upper,,,,0.1715753,1,1000,  2.890,1.816370e+00, 0.057438656,  2.7774223,  3.002578,0.0198749675,0,asymp
 50,500,dyn_var_chi1,"N(0,sigma_t^2), sigma_t^2~chi^2_1",7,KS-CUSUM statistic,ks_cusum,0.19444275,upper,,,,0.1715753,5,1000,  7.028,1.964962e+00, 0.062137566,  6.9062126,  7.149787,0.0088414294,0,asymp
 50,500,dyn_var_chi2,"N(0,sigma_t^2), sigma_t^2~chi^2_2",1,p-value Shewhart,p_shewhart,0.02564346,lower,marginal,,,,1,1000,  5.831,5.611767e+00, 0.177459660,  5.4831855,  6.178815,0.0304338295,0,asymp
 50,500,dyn_var_chi2,"N(0,sigma_t^2), sigma_t^2~chi^2_2",1,p-value Shewhart,p_shewhart,0.02564346,lower,marginal,,,,5,1000, 29.447,1.515047e+01, 0.479099914, 28.5079814, 30.386019,0.0162699057,0,asymp
 50,500,dyn_var_chi2,"N(0,sigma_t^2), sigma_t^2~chi^2_2",2,Qtilde r=-0.8,qtilde,0.40025649,lower,marginal,0.50,-0.8,,1,1000,  5.091,5.328143e+00, 0.168490677,  4.7607643,  5.421236,0.0330957919,0,asymp
 50,500,dyn_var_chi2,"N(0,sigma_t^2), sigma_t^2~chi^2_2",2,Qtilde r=-0.8,qtilde,0.40025649,lower,marginal,0.50,-0.8,,5,1000, 13.885,9.767558e+00, 0.308877290, 13.2796116, 14.490388,0.0222453936,0,asymp
 50,500,dyn_var_chi2,"N(0,sigma_t^2), sigma_t^2~chi^2_2",3,Qtilde r=-0.9,qtilde,0.49931892,lower,marginal,0.50,-0.9,,1,1000,  6.159,6.259785e+00, 0.197951772,  5.7710217,  6.546978,0.0321402454,0,asymp
 50,500,dyn_var_chi2,"N(0,sigma_t^2), sigma_t^2~chi^2_2",3,Qtilde r=-0.9,qtilde,0.49931892,lower,marginal,0.50,-0.9,,5,1000, 15.945,1.176437e+01, 0.372022009, 15.2158503, 16.674150,0.0233315779,0,asymp
 50,500,dyn_var_chi2,"N(0,sigma_t^2), sigma_t^2~chi^2_2",4,Qbar lambda=0.95,qbar,0.05269438,lower,marginal,0.95, 1.0,,1,1000,  5.149,5.411292e+00, 0.171120078,  4.8136108,  5.484389,0.0332336527,0,asymp
 50,500,dyn_var_chi2,"N(0,sigma_t^2), sigma_t^2~chi^2_2",4,Qbar lambda=0.95,qbar,0.05269438,lower,marginal,0.95, 1.0,,5,1000, 25.847,1.484014e+01, 0.469286502, 24.9272154, 26.766785,0.0181563238,0,asymp
 50,500,dyn_var_chi2,"N(0,sigma_t^2), sigma_t^2~chi^2_2",5,KS Shewhart statistic,ks_shewhart,0.29952930,upper,,,,,1,1000,  6.171,5.906322e+00, 0.186774312,  5.8049291,  6.537071,0.0302664580,0,asymp
 50,500,dyn_var_chi2,"N(0,sigma_t^2), sigma_t^2~chi^2_2",5,KS Shewhart statistic,ks_shewhart,0.29952930,upper,,,,,5,1000, 30.532,1.596997e+01, 0.505014867, 29.5421890, 31.521811,0.0165405105,0,asymp
 50,500,dyn_var_chi2,"N(0,sigma_t^2), sigma_t^2~chi^2_2",6,KS-EWMA statistic,ks_ewma,0.18880029,upper,,0.20,,,1,1000,  2.643,3.133587e+00, 0.099092736,  2.4487818,  2.837218,0.0374925222,0,asymp
 50,500,dyn_var_chi2,"N(0,sigma_t^2), sigma_t^2~chi^2_2",6,KS-EWMA statistic,ks_ewma,0.18880029,upper,,0.20,,,5,1000,  7.366,4.239814e+00, 0.134074681,  7.1032185,  7.628782,0.0182018301,0,asymp
 50,500,dyn_var_chi2,"N(0,sigma_t^2), sigma_t^2~chi^2_2",7,KS-CUSUM statistic,ks_cusum,0.19444275,upper,,,,0.1715753,1,1000,  4.777,3.218327e+00, 0.101772436,  4.5775297,  4.976470,0.0213046756,0,asymp
 50,500,dyn_var_chi2,"N(0,sigma_t^2), sigma_t^2~chi^2_2",7,KS-CUSUM statistic,ks_cusum,0.19444275,upper,,,,0.1715753,5,1000,  9.165,3.664588e+00, 0.115884443,  8.9378707,  9.392129,0.0126442382,0,asymp
100,200,N_0.5_1,"N(1/2,1)",1,p-value Shewhart,p_shewhart,0.03223538,lower,marginal,,,,1,1000,  1.555,3.226978e+00, 0.102046011,  1.3549935,  1.755007,0.0656244445,0,asymp
100,200,N_0.5_1,"N(1/2,1)",1,p-value Shewhart,p_shewhart,0.03223538,lower,marginal,,,,5,1000,  7.754,1.387169e+01, 0.438661496,  6.8942393,  8.613761,0.0565722847,0,asymp
100,200,N_0.5_1,"N(1/2,1)",2,Qtilde r=-0.8,qtilde,0.49392451,lower,marginal,0.50,-0.8,,1,1000,  1.262,1.315708e+00, 0.041606335,  1.1804531,  1.343547,0.0329685695,0,asymp
100,200,N_0.5_1,"N(1/2,1)",2,Qtilde r=-0.8,qtilde,0.49392451,lower,marginal,0.50,-0.8,,5,1000,  5.621,4.822719e+00, 0.152507762,  5.3220903,  5.919910,0.0271317848,0,asymp
100,200,N_0.5_1,"N(1/2,1)",3,Qtilde r=-0.9,qtilde,0.49863878,lower,marginal,0.50,-0.9,,1,1000,  1.547,2.990775e+00, 0.094576613,  1.3616332,  1.732367,0.0611354965,0,asymp
100,200,N_0.5_1,"N(1/2,1)",3,Qtilde r=-0.9,qtilde,0.49863878,lower,marginal,0.50,-0.9,,5,1000,  6.518,1.216329e+01, 0.384637000,  5.7641253,  7.271875,0.0590115066,0,asymp
100,200,N_0.5_1,"N(1/2,1)",4,Qbar lambda=0.95,qbar,0.06355211,lower,marginal,0.95, 1.0,,1,1000,  1.256,1.241775e+00, 0.039268384,  1.1790354,  1.332965,0.0312646372,0,asymp
100,200,N_0.5_1,"N(1/2,1)",4,Qbar lambda=0.95,qbar,0.06355211,lower,marginal,0.95, 1.0,,5,1000,  6.421,5.435928e+00, 0.171899122,  6.0840839,  6.757916,0.0267713942,0,asymp
100,200,N_0.5_1,"N(1/2,1)",5,KS Shewhart statistic,ks_shewhart,0.20456210,upper,,,,,1,1000,  1.505,1.601418e+00, 0.050641283,  1.4057449,  1.604255,0.0336486930,0,asymp
100,200,N_0.5_1,"N(1/2,1)",5,KS Shewhart statistic,ks_shewhart,0.20456210,upper,,,,,5,1000,  7.900,1.376712e+01, 0.435354492,  7.0467209,  8.753279,0.0551081635,0,asymp
100,200,N_0.5_1,"N(1/2,1)",6,KS-EWMA statistic,ks_ewma,0.13130170,upper,,0.20,,,1,1000,  1.060,1.067492e+00, 0.033757067,  0.9938374,  1.126163,0.0318462892,0,asymp
100,200,N_0.5_1,"N(1/2,1)",6,KS-EWMA statistic,ks_ewma,0.13130170,upper,,0.20,,,5,1000,  5.108,2.467068e+00, 0.078015527,  4.9550924,  5.260908,0.0152732042,0,asymp
100,200,N_0.5_1,"N(1/2,1)",7,KS-CUSUM statistic,ks_cusum,0.10962085,upper,,,,0.1234103,1,1000,  1.501,9.627699e-01, 0.030445458,  1.4413280,  1.560672,0.0202834498,0,asymp
100,200,N_0.5_1,"N(1/2,1)",7,KS-CUSUM statistic,ks_cusum,0.10962085,upper,,,,0.1234103,5,1000,  5.552,2.319197e+00, 0.073339448,  5.4082573,  5.695743,0.0132095548,0,asymp
100,200,N_1_1,"N(1,1)",1,p-value Shewhart,p_shewhart,0.03223538,lower,marginal,,,,1,1000,  1.000,0.000000e+00, 0.000000000,  1.0000000,  1.000000,0.0000000000,0,asymp
100,200,N_1_1,"N(1,1)",1,p-value Shewhart,p_shewhart,0.03223538,lower,marginal,,,,5,1000,  5.000,0.000000e+00, 0.000000000,  5.0000000,  5.000000,0.0000000000,0,asymp
100,200,N_1_1,"N(1,1)",2,Qtilde r=-0.8,qtilde,0.49392451,lower,marginal,0.50,-0.8,,1,1000,  1.000,0.000000e+00, 0.000000000,  1.0000000,  1.000000,0.0000000000,0,asymp
100,200,N_1_1,"N(1,1)",2,Qtilde r=-0.8,qtilde,0.49392451,lower,marginal,0.50,-0.8,,5,1000,  5.000,0.000000e+00, 0.000000000,  5.0000000,  5.000000,0.0000000000,0,asymp
100,200,N_1_1,"N(1,1)",3,Qtilde r=-0.9,qtilde,0.49863878,lower,marginal,0.50,-0.9,,1,1000,  1.000,0.000000e+00, 0.000000000,  1.0000000,  1.000000,0.0000000000,0,asymp
100,200,N_1_1,"N(1,1)",3,Qtilde r=-0.9,qtilde,0.49863878,lower,marginal,0.50,-0.9,,5,1000,  5.000,0.000000e+00, 0.000000000,  5.0000000,  5.000000,0.0000000000,0,asymp
100,200,N_1_1,"N(1,1)",4,Qbar lambda=0.95,qbar,0.06355211,lower,marginal,0.95, 1.0,,1,1000,  1.000,0.000000e+00, 0.000000000,  1.0000000,  1.000000,0.0000000000,0,asymp
100,200,N_1_1,"N(1,1)",4,Qbar lambda=0.95,qbar,0.06355211,lower,marginal,0.95, 1.0,,5,1000,  5.000,0.000000e+00, 0.000000000,  5.0000000,  5.000000,0.0000000000,0,asymp
100,200,N_1_1,"N(1,1)",5,KS Shewhart statistic,ks_shewhart,0.20456210,upper,,,,,1,1000,  1.000,0.000000e+00, 0.000000000,  1.0000000,  1.000000,0.0000000000,0,asymp
100,200,N_1_1,"N(1,1)",5,KS Shewhart statistic,ks_shewhart,0.20456210,upper,,,,,5,1000,  5.000,0.000000e+00, 0.000000000,  5.0000000,  5.000000,0.0000000000,0,asymp
100,200,N_1_1,"N(1,1)",6,KS-EWMA statistic,ks_ewma,0.13130170,upper,,0.20,,,1,1000,  1.000,0.000000e+00, 0.000000000,  1.0000000,  1.000000,0.0000000000,0,asymp
100,200,N_1_1,"N(1,1)",6,KS-EWMA statistic,ks_ewma,0.13130170,upper,,0.20,,,5,1000,  5.000,0.000000e+00, 0.000000000,  5.0000000,  5.000000,0.0000000000,0,asymp
100,200,N_1_1,"N(1,1)",7,KS-CUSUM statistic,ks_cusum,0.10962085,upper,,,,0.1234103,1,1000,  1.000,0.000000e+00, 0.000000000,  1.0000000,  1.000000,0.0000000000,0,asymp
100,200,N_1_1,"N(1,1)",7,KS-CUSUM statistic,ks_cusum,0.10962085,upper,,,,0.1234103,5,1000,  5.000,0.000000e+00, 0.000000000,  5.0000000,  5.000000,0.0000000000,0,asymp
100,200,N_0_2,"N(0,2)",1,p-value Shewhart,p_shewhart,0.03223538,lower,marginal,,,,1,1000, 16.888,3.141000e+01, 0.993271385, 14.9412239, 18.834776,0.0588152170,0,asymp
100,200,N_0_2,"N(0,2)",1,p-value Shewhart,p_shewhart,0.03223538,lower,marginal,,,,5,1000, 84.413,1.187594e+02, 3.755502127, 77.0523511, 91.773649,0.0444896180,0,asymp
100,200,N_0_2,"N(0,2)",2,Qtilde r=-0.8,qtilde,0.49392451,lower,marginal,0.50,-0.8,,1,1000, 13.491,2.894359e+01, 0.915276816, 11.6970904, 15.284910,0.0678435117,0,asymp
100,200,N_0_2,"N(0,2)",2,Qtilde r=-0.8,qtilde,0.49392451,lower,marginal,0.50,-0.8,,5,1000, 47.793,9.391633e+01, 2.969895020, 41.9721127, 53.613887,0.0621407951,0,asymp
100,200,N_0_2,"N(0,2)",3,Qtilde r=-0.9,qtilde,0.49863878,lower,marginal,0.50,-0.9,,1,1000, 30.814,8.771020e+01, 2.773639934, 25.3777656, 36.250234,0.0900123299,0,asymp
100,200,N_0_2,"N(0,2)",3,Qtilde r=-0.9,qtilde,0.49863878,lower,marginal,0.50,-0.9,,5,1000,103.263,2.339413e+02, 7.397873367, 88.7634346,117.762565,0.0716410851,0,asymp
100,200,N_0_2,"N(0,2)",4,Qbar lambda=0.95,qbar,0.06355211,lower,marginal,0.95, 1.0,,1,1000, 11.154,2.203629e+01, 0.696848536,  9.7882020, 12.519798,0.0624752139,0,asymp
100,200,N_0_2,"N(0,2)",4,Qbar lambda=0.95,qbar,0.06355211,lower,marginal,0.95, 1.0,,5,1000, 55.052,8.765808e+01, 2.771991926, 49.6189957, 60.485004,0.0503522474,0,asymp
100,200,N_0_2,"N(0,2)",5,KS Shewhart statistic,ks_shewhart,0.20456210,upper,,,,,1,1000, 18.036,3.493318e+01, 1.104684132, 15.8708589, 20.201141,0.0612488430,0,asymp
100,200,N_0_2,"N(0,2)",5,KS Shewhart statistic,ks_shewhart,0.20456210,upper,,,,,5,1000, 87.926,1.211124e+02, 3.829911062, 80.4195123, 95.432488,0.0435583452,0,asymp
100,200,N_0_2,"N(0,2)",6,KS-EWMA statistic,ks_ewma,0.13130170,upper,,0.20,,,1,1000,  2.430,4.639464e+00, 0.146712728,  2.1424483,  2.717552,0.0603756083,0,asymp
100,200,N_0_2,"N(0,2)",6,KS-EWMA statistic,ks_ewma,0.13130170,upper,,0.20,,,5,1000,  7.271,7.775862e+00, 0.245894333,  6.7890560,  7.752944,0.0338185027,0,asymp
100,200,N_0_2,"N(0,2)",7,KS-CUSUM statistic,ks_cusum,0.10962085,upper,,,,0.1234103,1,1000,  5.413,8.015902e+00, 0.253485080,  4.9161784,  5.909822,0.0468289451,0,asymp
100,200,N_0_2,"N(0,2)",7,KS-CUSUM statistic,ks_cusum,0.10962085,upper,,,,0.1234103,5,1000, 10.143,1.142940e+01, 0.361429360,  9.4346115, 10.851389,0.0356333787,0,asymp
100,200,Cauchy,"Cauchy(0,1)",1,p-value Shewhart,p_shewhart,0.03223538,lower,marginal,,,,1,1000,  5.450,8.812784e+00, 0.278684706,  4.9037880,  5.996212,0.0511348084,0,asymp
100,200,Cauchy,"Cauchy(0,1)",1,p-value Shewhart,p_shewhart,0.03223538,lower,marginal,,,,5,1000, 27.891,2.175179e+01, 0.687851917, 26.5428350, 29.239165,0.0246621461,0,asymp
100,200,Cauchy,"Cauchy(0,1)",2,Qtilde r=-0.8,qtilde,0.49392451,lower,marginal,0.50,-0.8,,1,1000,  3.754,5.051237e+00, 0.159734151,  3.4409268,  4.067073,0.0425503865,0,asymp
100,200,Cauchy,"Cauchy(0,1)",2,Qtilde r=-0.8,qtilde,0.49392451,lower,marginal,0.50,-0.8,,5,1000, 11.858,1.219346e+01, 0.385591126, 11.1022553, 12.613745,0.0325173829,0,asymp
100,200,Cauchy,"Cauchy(0,1)",3,Qtilde r=-0.9,qtilde,0.49863878,lower,marginal,0.50,-0.9,,1,1000,  7.246,1.263080e+01, 0.399420857,  6.4631495,  8.028850,0.0551229447,0,asymp
100,200,Cauchy,"Cauchy(0,1)",3,Qtilde r=-0.9,qtilde,0.49863878,lower,marginal,0.50,-0.9,,5,1000, 22.881,2.575551e+01, 0.814460671, 21.2846864, 24.477314,0.0355955016,0,asymp
100,200,Cauchy,"Cauchy(0,1)",4,Qbar lambda=0.95,qbar,0.06355211,lower,marginal,0.95, 1.0,,1,1000,  3.176,3.583276e+00, 0.113313123,  2.9539104,  3.398090,0.0356779355,0,asymp
100,200,Cauchy,"Cauchy(0,1)",4,Qbar lambda=0.95,qbar,0.06355211,lower,marginal,0.95, 1.0,,5,1000, 16.201,1.240462e+01, 0.392268369, 15.4321681, 16.969832,0.0242126023,0,asymp
100,200,Cauchy,"Cauchy(0,1)",5,KS Shewhart statistic,ks_shewhart,0.20456210,upper,,,,,1,1000,  5.791,9.181155e+00, 0.290333623,  5.2219566,  6.360043,0.0501353174,0,asymp
100,200,Cauchy,"Cauchy(0,1)",5,KS Shewhart statistic,ks_shewhart,0.20456210,upper,,,,,5,1000, 29.686,2.364014e+01, 0.747566894, 28.2207958, 31.151204,0.0251824730,0,asymp
100,200,Cauchy,"Cauchy(0,1)",6,KS-EWMA statistic,ks_ewma,0.13130170,upper,,0.20,,,1,1000,  1.107,6.663295e-01, 0.021071189,  1.0657012,  1.148299,0.0190344975,0,asymp
100,200,Cauchy,"Cauchy(0,1)",6,KS-EWMA statistic,ks_ewma,0.13130170,upper,,0.20,,,5,1000,  5.109,6.690042e-01, 0.021155769,  5.0675355,  5.150465,0.0041408826,0,asymp
100,200,Cauchy,"Cauchy(0,1)",7,KS-CUSUM statistic,ks_cusum,0.10962085,upper,,,,0.1234103,1,1000,  2.678,1.121416e+00, 0.035462284,  2.6084952,  2.747505,0.0132420776,0,asymp
100,200,Cauchy,"Cauchy(0,1)",7,KS-CUSUM statistic,ks_cusum,0.10962085,upper,,,,0.1234103,5,1000,  6.685,1.124740e+00, 0.035567401,  6.6152892,  6.754711,0.0053204789,0,asymp
100,200,dyn_mu_half,"N(mu_t,1), mu_t~N(0,1/2)",1,p-value Shewhart,p_shewhart,0.03223538,lower,marginal,,,,1,1000,  1.627,1.030987e+00, 0.032602668,  1.5630999,  1.690900,0.0200385173,0,asymp
100,200,dyn_mu_half,"N(mu_t,1), mu_t~N(0,1/2)",1,p-value Shewhart,p_shewhart,0.03223538,lower,marginal,,,,5,1000,  8.038,2.299096e+00, 0.072703795,  7.8955032,  8.180497,0.0090450106,0,asymp
100,200,dyn_mu_half,"N(mu_t,1), mu_t~N(0,1/2)",2,Qtilde r=-0.8,qtilde,0.49392451,lower,marginal,0.50,-0.8,,1,1000,  1.549,9.831407e-01, 0.031089638,  1.4880654,  1.609935,0.0200707796,0,asymp
100,200,dyn_mu_half,"N(mu_t,1), mu_t~N(0,1/2)",2,Qtilde r=-0.8,qtilde,0.49392451,lower,marginal,0.50,-0.8,,5,1000,  5.609,1.031107e+00, 0.032606475,  5.5450925,  5.672908,0.0058132420,0,asymp
100,200,dyn_mu_half,"N(mu_t,1), mu_t~N(0,1/2)",3,Qtilde r=-0.9,qtilde,0.49863878,lower,marginal,0.50,-0.9,,1,1000,  1.625,1.057115e+00, 0.033428917,  1.5594805,  1.690519,0.0205716412,0,asymp
100,200,dyn_mu_half,"N(mu_t,1), mu_t~N(0,1/2)",3,Qtilde r=-0.9,qtilde,0.49863878,lower,marginal,0.50,-0.9,,5,1000,  5.707,1.141251e+00, 0.036089520,  5.6362658,  5.777734,0.0063237288,0,asymp
100,200,dyn_mu_half,"N(mu_t,1), mu_t~N(0,1/2)",4,Qbar lambda=0.95,qbar,0.06355211,lower,marginal,0.95, 1.0,,1,1000,  1.551,9.614174e-01, 0.030402686,  1.4914118,  1.610588,0.0196019898,0,asymp
100,200,dyn_mu_half,"N(mu_t,1), mu_t~N(0,1/2)",4,Qbar lambda=0.95,qbar,0.06355211,lower,marginal,0.95, 1.0,,5,1000,  7.623,2.149300e+00, 0.067966834,  7.4897875,  7.756213,0.0089160217,0,asymp
100,200,dyn_mu_half,"N(mu_t,1), mu_t~N(0,1/2)",5,KS Shewhart statistic,ks_shewhart,0.20456210,upper,,,,,1,1000,  1.634,1.034947e+00, 0.032727895,  1.5698545,  1.698145,0.0200293115,0,asymp
100,200,dyn_mu_half,"N(mu_t,1), mu_t~N(0,1/2)",5,KS Shewhart statistic,ks_shewhart,0.20456210,upper,,,,,5,1000,  8.088,2.340884e+00, 0.074025237,  7.9429132,  8.233087,0.0091524774,0,asymp
100,200,dyn_mu_half,"N(mu_t,1), mu_t~N(0,1/2)",6,KS-EWMA statistic,ks_ewma,0.13130170,upper,,0.20,,,1,1000,  1.338,8.605211e-01, 0.027212065,  1.2846653,  1.391335,0.0203378664,0,asymp
100,200,dyn_mu_half,"N(mu_t,1), mu_t~N(0,1/2)",6,KS-EWMA statistic,ks_ewma,0.13130170,upper,,0.20,,,5,1000,  5.363,9.099775e-01, 0.028776015,  5.3066000,  5.419400,0.0053656564,0,asymp
100,200,dyn_mu_half,"N(mu_t,1), mu_t~N(0,1/2)",7,KS-CUSUM statistic,ks_cusum,0.10962085,upper,,,,0.1234103,1,1000,  1.724,9.771278e-01, 0.030899495,  1.6634381,  1.784562,0.0179231408,0,asymp
100,200,dyn_mu_half,"N(mu_t,1), mu_t~N(0,1/2)",7,KS-CUSUM statistic,ks_cusum,0.10962085,upper,,,,0.1234103,5,1000,  5.755,9.949698e-01, 0.031463709,  5.6933323,  5.816668,0.0054671953,0,asymp
100,200,dyn_mu_quarter,"N(mu_t,1), mu_t~N(0,1/4)",1,p-value Shewhart,p_shewhart,0.03223538,lower,marginal,,,,1,1000,  2.017,1.530704e+00, 0.048405104,  1.9221277,  2.111872,0.0239985640,0,asymp
100,200,dyn_mu_quarter,"N(mu_t,1), mu_t~N(0,1/4)",1,p-value Shewhart,p_shewhart,0.03223538,lower,marginal,,,,5,1000, 10.266,3.593906e+00, 0.113649286, 10.0432515, 10.488749,0.0110704545,0,asymp
100,200,dyn_mu_quarter,"N(mu_t,1), mu_t~N(0,1/4)",2,Qtilde r=-0.8,qtilde,0.49392451,lower,marginal,0.50,-0.8,,1,1000,  1.861,1.402728e+00, 0.044358163,  1.7740596,  1.947940,0.0238356600,0,asymp
100,200,dyn_mu_quarter,"N(mu_t,1), mu_t~N(0,1/4)",2,Qtilde r=-0.8,qtilde,0.49392451,lower,marginal,0.50,-0.8,,5,1000,  6.128,1.746043e+00, 0.055214714,  6.0197811,  6.236219,0.0090102340,0,asymp
100,200,dyn_mu_quarter,"N(mu_t,1), mu_t~N(0,1/4)",3,Qtilde r=-0.9,qtilde,0.49863878,lower,marginal,0.50,-0.9,,1,1000,  2.042,1.639184e+00, 0.051835537,  1.9404042,  2.143596,0.0253846901,0,asymp
100,200,dyn_mu_quarter,"N(mu_t,1), mu_t~N(0,1/4)",3,Qtilde r=-0.9,qtilde,0.49863878,lower,marginal,0.50,-0.9,,5,1000,  6.378,2.035008e+00, 0.064352601,  6.2518712,  6.504129,0.0100897775,0,asymp
100,200,dyn_mu_quarter,"N(mu_t,1), mu_t~N(0,1/4)",4,Qbar lambda=0.95,qbar,0.06355211,lower,marginal,0.95, 1.0,,1,1000,  1.879,1.406534e+00, 0.044478504,  1.7918237,  1.966176,0.0236713700,0,asymp
100,200,dyn_mu_quarter,"N(mu_t,1), mu_t~N(0,1/4)",4,Qbar lambda=0.95,qbar,0.06355211,lower,marginal,0.95, 1.0,,5,1000,  9.459,3.215378e+00, 0.101679190,  9.2597124,  9.658288,0.0107494650,0,asymp
100,200,dyn_mu_quarter,"N(mu_t,1), mu_t~N(0,1/4)",5,KS Shewhart statistic,ks_shewhart,0.20456210,upper,,,,,1,1000,  2.047,1.559238e+00, 0.049307426,  1.9503592,  2.143641,0.0240876530,0,asymp
100,200,dyn_mu_quarter,"N(mu_t,1), mu_t~N(0,1/4)",5,KS Shewhart statistic,ks_shewhart,0.20456210,upper,,,,,5,1000, 10.354,3.636744e+00, 0.115003956, 10.1285964, 10.579404,0.0111072007,0,asymp
100,200,dyn_mu_quarter,"N(mu_t,1), mu_t~N(0,1/4)",6,KS-EWMA statistic,ks_ewma,0.13130170,upper,,0.20,,,1,1000,  1.552,1.268426e+00, 0.040111157,  1.4733836,  1.630616,0.0258448176,0,asymp
100,200,dyn_mu_quarter,"N(mu_t,1), mu_t~N(0,1/4)",6,KS-EWMA statistic,ks_ewma,0.13130170,upper,,0.20,,,5,1000,  5.609,1.401457e+00, 0.044317977,  5.5221384,  5.695862,0.0079012261,0,asymp
100,200,dyn_mu_quarter,"N(mu_t,1), mu_t~N(0,1/4)",7,KS-CUSUM statistic,ks_cusum,0.10962085,upper,,,,0.1234103,1,1000,  2.106,1.353734e+00, 0.042808838,  2.0220962,  2.189904,0.0203270835,0,asymp
100,200,dyn_mu_quarter,"N(mu_t,1), mu_t~N(0,1/4)",7,KS-CUSUM statistic,ks_cusum,0.10962085,upper,,,,0.1234103,5,1000,  6.188,1.452159e+00, 0.045921289,  6.0979959,  6.278004,0.0074210228,0,asymp
100,200,dyn_var_chi1,"N(0,sigma_t^2), sigma_t^2~chi^2_1",1,p-value Shewhart,p_shewhart,0.03223538,lower,marginal,,,,1,1000,  1.941,1.321085e+00, 0.041776360,  1.8591198,  2.022880,0.0215231119,0,asymp
100,200,dyn_var_chi1,"N(0,sigma_t^2), sigma_t^2~chi^2_1",1,p-value Shewhart,p_shewhart,0.03223538,lower,marginal,,,,5,1000,  9.631,3.184176e+00, 0.100692492,  9.4336463,  9.828354,0.0104550402,0,asymp
100,200,dyn_var_chi1,"N(0,sigma_t^2), sigma_t^2~chi^2_1",2,Qtilde r=-0.8,qtilde,0.49392451,lower,marginal,0.50,-0.8,,1,1000,  1.787,1.241440e+00, 0.039257766,  1.7100562,  1.863944,0.0219685315,0,asymp
100,200,dyn_var_chi1,"N(0,sigma_t^2), sigma_t^2~chi^2_1",2,Qtilde r=-0.8,qtilde,0.49392451,lower,marginal,0.50,-0.8,,5,1000,  5.937,1.372922e+00, 0.043415618,  5.8519070,  6.022093,0.0073127199,0,asymp
100,200,dyn_var_chi1,"N(0,sigma_t^2), sigma_t^2~chi^2_1",3,Qtilde r=-0.9,qtilde,0.49863878,lower,marginal,0.50,-0.9,,1,1000,  1.952,1.360716e+00, 0.043029612,  1.8676635,  2.036336,0.0220438588,0,asymp
100,200,dyn_var_chi1,"N(0,sigma_t^2), sigma_t^2~chi^2_1",3,Qtilde r=-0.9,qtilde,0.49863878,lower,marginal,0.50,-0.9,,5,1000,  6.123,1.546694e+00, 0.048910768,  6.0271367,  6.218863,0.0079880399,0,asymp
100,200,dyn_var_chi1,"N(0,sigma_t^2), sigma_t^2~chi^2_1",4,Qbar lambda=0.95,qbar,0.06355211,lower,marginal,0.95, 1.0,,1,1000,  1.783,1.201397e+00, 0.037991504,  1.7085380,  1.857462,0.0213076297,0,asymp
100,200,dyn_var_chi1,"N(0,sigma_t^2), sigma_t^2~chi^2_1",4,Qbar lambda=0.95,qbar,0.06355211,lower,marginal,0.95, 1.0,,5,1000,  8.866,2.954111e+00, 0.093417187,  8.6829057,  9.049094,0.0105365652,0,asymp
100,200,dyn_var_chi1,"N(0,sigma_t^2), sigma_t^2~chi^2_1",5,KS Shewhart statistic,ks_shewhart,0.20456210,upper,,,,,1,1000,  1.953,1.324593e+00, 0.041887296,  1.8709024,  2.035098,0.0214476681,0,asymp
100,200,dyn_var_chi1,"N(0,sigma_t^2), sigma_t^2~chi^2_1",5,KS Shewhart statistic,ks_shewhart,0.20456210,upper,,,,,5,1000,  9.746,3.253316e+00, 0.102878900,  9.5443611,  9.947639,0.0105560127,0,asymp
100,200,dyn_var_chi1,"N(0,sigma_t^2), sigma_t^2~chi^2_1",6,KS-EWMA statistic,ks_ewma,0.13130170,upper,,0.20,,,1,1000,  1.365,9.309359e-01, 0.029438778,  1.3073011,  1.422699,0.0215668702,0,asymp
100,200,dyn_var_chi1,"N(0,sigma_t^2), sigma_t^2~chi^2_1",6,KS-EWMA statistic,ks_ewma,0.13130170,upper,,0.20,,,5,1000,  5.400,9.924641e-01, 0.031384470,  5.3384876,  5.461512,0.0058119390,0,asymp
100,200,dyn_var_chi1,"N(0,sigma_t^2), sigma_t^2~chi^2_1",7,KS-CUSUM statistic,ks_cusum,0.10962085,upper,,,,0.1234103,1,1000,  2.015,1.169677e+00, 0.036988419,  1.9425040,  2.087496,0.0183565355,0,asymp
100,200,dyn_var_chi1,"N(0,sigma_t^2), sigma_t^2~chi^2_1",7,KS-CUSUM statistic,ks_cusum,0.10962085,upper,,,,0.1234103,5,1000,  6.062,1.222150e+00, 0.038647764,  5.9862518,  6.137748,0.0063754147,0,asymp
100,200,dyn_var_chi2,"N(0,sigma_t^2), sigma_t^2~chi^2_2",1,p-value Shewhart,p_shewhart,0.03223538,lower,marginal,,,,1,1000,  2.706,2.214151e+00, 0.070017615,  2.5687680,  2.843232,0.0258749503,0,asymp
100,200,dyn_var_chi2,"N(0,sigma_t^2), sigma_t^2~chi^2_2",1,p-value Shewhart,p_shewhart,0.03223538,lower,marginal,,,,5,1000, 13.396,5.479344e+00, 0.173272061, 13.0563930, 13.735607,0.0129346119,0,asymp
100,200,dyn_var_chi2,"N(0,sigma_t^2), sigma_t^2~chi^2_2",2,Qtilde r=-0.8,qtilde,0.49392451,lower,marginal,0.50,-0.8,,1,1000,  2.386,2.020170e+00, 0.063883371,  2.2607909,  2.511209,0.0267742544,0,asymp
100,200,dyn_var_chi2,"N(0,sigma_t^2), sigma_t^2~chi^2_2",2,Qtilde r=-0.8,qtilde,0.49392451,lower,marginal,0.50,-0.8,,5,1000,  7.142,2.850256e+00, 0.090133013,  6.9653425,  7.318657,0.0126201362,0,asymp
100,200,dyn_var_chi2,"N(0,sigma_t^2), sigma_t^2~chi^2_2",3,Qtilde r=-0.9,qtilde,0.49863878,lower,marginal,0.50,-0.9,,1,1000,  2.864,2.571404e+00, 0.081314919,  2.7046257,  3.023374,0.0283920808,0,asymp
100,200,dyn_var_chi2,"N(0,sigma_t^2), sigma_t^2~chi^2_2",3,Qtilde r=-0.9,qtilde,0.49863878,lower,marginal,0.50,-0.9,,5,1000,  7.840,3.504380e+00, 0.110818233,  7.6228003,  8.057200,0.0141349787,0,asymp
100,200,dyn_var_chi2,"N(0,sigma_t^2), sigma_t^2~chi^2_2",4,Qbar lambda=0.95,qbar,0.06355211,lower,marginal,0.95, 1.0,,1,1000,  2.362,1.912751e+00, 0.060486483,  2.2434487,  2.480551,0.0256081638,0,asymp
100,200,dyn_var_chi2,"N(0,sigma_t^2), sigma_t^2~chi^2_2",4,Qbar lambda=0.95,qbar,0.06355211,lower,marginal,0.95, 1.0,,5,1000, 11.587,4.823868e+00, 0.152544094, 11.2880191, 11.885981,0.0131651070,0,asymp
100,200,dyn_var_chi2,"N(0,sigma_t^2), sigma_t^2~chi^2_2",5,KS Shewhart statistic,ks_shewhart,0.20456210,upper,,,,,1,1000,  2.719,2.200200e+00, 0.069576432,  2.5826327,  2.855367,0.0255889783,0,asymp
100,200,dyn_var_chi2,"N(0,sigma_t^2), sigma_t^2~chi^2_2",5,KS Shewhart statistic,ks_shewhart,0.20456210,upper,,,,,5,1000, 13.613,5.621640e+00, 0.177771859, 13.2645736, 13.961426,0.0130589774,0,asymp
100,200,dyn_var_chi2,"N(0,sigma_t^2), sigma_t^2~chi^2_2",6,KS-EWMA statistic,ks_ewma,0.13130170,upper,,0.20,,,1,1000,  1.640,1.420711e+00, 0.044926812,  1.5519451,  1.728055,0.0273943974,0,asymp
100,200,dyn_var_chi2,"N(0,sigma_t^2), sigma_t^2~chi^2_2",6,KS-EWMA statistic,ks_ewma,0.13130170,upper,,0.20,,,5,1000,  5.733,1.579305e+00, 0.049942018,  5.6351154,  5.830885,0.0087113236,0,asymp
100,200,dyn_var_chi2,"N(0,sigma_t^2), sigma_t^2~chi^2_2",7,KS-CUSUM statistic,ks_cusum,0.10962085,upper,,,,0.1234103,1,1000,  2.584,1.580963e+00, 0.049994434,  2.4860127,  2.681987,0.0193476912,0,asymp
100,200,dyn_var_chi2,"N(0,sigma_t^2), sigma_t^2~chi^2_2",7,KS-CUSUM statistic,ks_cusum,0.10962085,upper,,,,0.1234103,5,1000,  6.733,1.713081e+00, 0.054172370,  6.6268241,  6.839176,0.0080457998,0,asymp
100,500,N_0.5_1,"N(1/2,1)",1,p-value Shewhart,p_shewhart,0.01818604,lower,marginal,,,,1,1000,  2.360,1.221227e+01, 0.386185887,  1.6030896,  3.116910,0.1636380878,0,asymp
100,500,N_0.5_1,"N(1/2,1)",1,p-value Shewhart,p_shewhart,0.01818604,lower,marginal,,,,5,1000, 11.461,4.782367e+01, 1.512317289,  8.4969126, 14.425087,0.1319533452,0,asymp
100,500,N_0.5_1,"N(1/2,1)",2,Qtilde r=-0.8,qtilde,0.28353877,lower,marginal,0.50,-0.8,,1,1000,  1.963,1.112148e+01, 0.351692079,  1.2736962,  2.652304,0.1791605088,0,asymp
100,500,N_0.5_1,"N(1/2,1)",2,Qtilde r=-0.8,qtilde,0.28353877,lower,marginal,0.50,-0.8,,5,1000,  8.397,4.422560e+01, 1.398536125,  5.6559196, 11.138080,0.1665518787,0,asymp
100,500,N_0.5_1,"N(1/2,1)",3,Qtilde r=-0.9,qtilde,0.46073512,lower,marginal,0.50,-0.9,,1,1000,  2.148,1.217005e+01, 0.384850888,  1.3937061,  2.902294,0.1791670802,0,asymp
100,500,N_0.5_1,"N(1/2,1)",3,Qtilde r=-0.9,qtilde,0.46073512,lower,marginal,0.50,-0.9,,5,1000,  7.622,2.785737e+01, 0.880927437,  5.8954140,  9.348586,0.1155769400,0,asymp
100,500,N_0.5_1,"N(1/2,1)",4,Qbar lambda=0.95,qbar,0.04775701,lower,marginal,0.95, 1.0,,1,1000,  1.919,1.421959e+01, 0.449662802,  1.0376771,  2.800323,0.2343214185,0,asymp
100,500,N_0.5_1,"N(1/2,1)",4,Qbar lambda=0.95,qbar,0.04775701,lower,marginal,0.95, 1.0,,5,1000,  9.803,6.345416e+01, 2.006596776,  5.8701426, 13.735857,0.2046921122,0,asymp
100,500,N_0.5_1,"N(1/2,1)",5,KS Shewhart statistic,ks_shewhart,0.21904346,upper,,,,,1,1000,  2.466,1.262546e+01, 0.399252109,  1.6834802,  3.248520,0.1619027205,0,asymp
100,500,N_0.5_1,"N(1/2,1)",5,KS Shewhart statistic,ks_shewhart,0.21904346,upper,,,,,5,1000, 12.023,5.024724e+01, 1.588957286,  8.9087009, 15.137299,0.1321598009,0,asymp
100,500,N_0.5_1,"N(1/2,1)",6,KS-EWMA statistic,ks_ewma,0.13593573,upper,,0.20,,,1,1000,  1.205,3.015969e+00, 0.095373325,  1.0180717,  1.391928,0.0791479873,0,asymp
100,500,N_0.5_1,"N(1/2,1)",6,KS-EWMA statistic,ks_ewma,0.13593573,upper,,0.20,,,5,1000,  5.734,1.686439e+01, 0.533298839,  4.6887535,  6.779247,0.0930064247,0,asymp
100,500,N_0.5_1,"N(1/2,1)",7,KS-CUSUM statistic,ks_cusum,0.13952209,upper,,,,0.1234103,1,1000,  2.200,1.112851e+01, 0.351914541,  1.5102602,  2.889740,0.1599611548,0,asymp
100,500,N_0.5_1,"N(1/2,1)",7,KS-CUSUM statistic,ks_cusum,0.13952209,upper,,,,0.1234103,5,1000,  6.332,1.362936e+01, 0.430998301,  5.4872589,  7.176741,0.0680666932,0,asymp
100,500,N_1_1,"N(1,1)",1,p-value Shewhart,p_shewhart,0.01818604,lower,marginal,,,,1,1000,  1.000,0.000000e+00, 0.000000000,  1.0000000,  1.000000,0.0000000000,0,asymp
100,500,N_1_1,"N(1,1)",1,p-value Shewhart,p_shewhart,0.01818604,lower,marginal,,,,5,1000,  5.000,0.000000e+00, 0.000000000,  5.0000000,  5.000000,0.0000000000,0,asymp
100,500,N_1_1,"N(1,1)",2,Qtilde r=-0.8,qtilde,0.28353877,lower,marginal,0.50,-0.8,,1,1000,  1.000,0.000000e+00, 0.000000000,  1.0000000,  1.000000,0.0000000000,0,asymp
100,500,N_1_1,"N(1,1)",2,Qtilde r=-0.8,qtilde,0.28353877,lower,marginal,0.50,-0.8,,5,1000,  5.000,0.000000e+00, 0.000000000,  5.0000000,  5.000000,0.0000000000,0,asymp
100,500,N_1_1,"N(1,1)",3,Qtilde r=-0.9,qtilde,0.46073512,lower,marginal,0.50,-0.9,,1,1000,  1.000,0.000000e+00, 0.000000000,  1.0000000,  1.000000,0.0000000000,0,asymp
100,500,N_1_1,"N(1,1)",3,Qtilde r=-0.9,qtilde,0.46073512,lower,marginal,0.50,-0.9,,5,1000,  5.000,0.000000e+00, 0.000000000,  5.0000000,  5.000000,0.0000000000,0,asymp
100,500,N_1_1,"N(1,1)",4,Qbar lambda=0.95,qbar,0.04775701,lower,marginal,0.95, 1.0,,1,1000,  1.000,0.000000e+00, 0.000000000,  1.0000000,  1.000000,0.0000000000,0,asymp
100,500,N_1_1,"N(1,1)",4,Qbar lambda=0.95,qbar,0.04775701,lower,marginal,0.95, 1.0,,5,1000,  5.000,0.000000e+00, 0.000000000,  5.0000000,  5.000000,0.0000000000,0,asymp
100,500,N_1_1,"N(1,1)",5,KS Shewhart statistic,ks_shewhart,0.21904346,upper,,,,,1,1000,  1.000,0.000000e+00, 0.000000000,  1.0000000,  1.000000,0.0000000000,0,asymp
100,500,N_1_1,"N(1,1)",5,KS Shewhart statistic,ks_shewhart,0.21904346,upper,,,,,5,1000,  5.000,0.000000e+00, 0.000000000,  5.0000000,  5.000000,0.0000000000,0,asymp
100,500,N_1_1,"N(1,1)",6,KS-EWMA statistic,ks_ewma,0.13593573,upper,,0.20,,,1,1000,  1.000,0.000000e+00, 0.000000000,  1.0000000,  1.000000,0.0000000000,0,asymp
100,500,N_1_1,"N(1,1)",6,KS-EWMA statistic,ks_ewma,0.13593573,upper,,0.20,,,5,1000,  5.000,0.000000e+00, 0.000000000,  5.0000000,  5.000000,0.0000000000,0,asymp
100,500,N_1_1,"N(1,1)",7,KS-CUSUM statistic,ks_cusum,0.13952209,upper,,,,0.1234103,1,1000,  1.002,4.469897e-02, 0.001413506,  0.9992296,  1.004770,0.0014106842,0,asymp
100,500,N_1_1,"N(1,1)",7,KS-CUSUM statistic,ks_cusum,0.13952209,upper,,,,0.1234103,5,1000,  5.002,4.469897e-02, 0.001413506,  4.9992296,  5.004770,0.0002825881,0,asymp
100,500,N_0_2,"N(0,2)",1,p-value Shewhart,p_shewhart,0.01818604,lower,marginal,,,,1,1000, 37.500,9.055374e+01, 2.863560717, 31.8875241, 43.112476,0.0763616191,0,asymp
100,500,N_0_2,"N(0,2)",1,p-value Shewhart,p_shewhart,0.01818604,lower,marginal,,,,5,1000,177.559,3.028486e+02, 9.576914106,158.7885933,196.329407,0.0539365175,0,asymp
100,500,N_0_2,"N(0,2)",2,Qtilde r=-0.8,qtilde,0.28353877,lower,marginal,0.50,-0.8,,1,1000, 32.587,8.874842e+01, 2.806471577, 27.0864168, 38.087583,0.0861224285,0,asymp
100,500,N_0_2,"N(0,2)",2,Qtilde r=-0.8,qtilde,0.28353877,lower,marginal,0.50,-0.8,,5,1000,117.293,2.571109e+02, 8.130560200,101.3573948,133.228605,0.0693183753,0,asymp
100,500,N_0_2,"N(0,2)",3,Qtilde r=-0.9,qtilde,0.46073512,lower,marginal,0.50,-0.9,,1,1000, 33.235,8.875823e+01, 2.806781751, 27.7338089, 38.736191,0.0844525877,0,asymp
100,500,N_0_2,"N(0,2)",3,Qtilde r=-0.9,qtilde,0.46073512,lower,marginal,0.50,-0.9,,5,1000,116.432,2.562789e+02, 8.104249641,100.5479626,132.316037,0.0696050024,0,asymp
100,500,N_0_2,"N(0,2)",4,Qbar lambda=0.95,qbar,0.04775701,lower,marginal,0.95, 1.0,,1,1000, 18.313,4.202303e+01, 1.328884858, 15.7084335, 20.917566,0.0725651099,0,asymp
100,500,N_0_2,"N(0,2)",4,Qbar lambda=0.95,qbar,0.04775701,lower,marginal,0.95, 1.0,,5,1000, 94.998,2.180212e+02, 6.894435527, 81.4851547,108.510845,0.0725745334,0,asymp
100,500,N_0_2,"N(0,2)",5,KS Shewhart statistic,ks_shewhart,0.21904346,upper,,,,,1,1000, 39.730,9.527950e+01, 3.013002370, 33.8246239, 45.635376,0.0758369587,0,asymp
100,500,N_0_2,"N(0,2)",5,KS Shewhart statistic,ks_shewhart,0.21904346,upper,,,,,5,1000,197.543,3.340206e+02,10.562659415,176.8405680,218.245432,0.0534701782,0,asymp
100,500,N_0_2,"N(0,2)",6,KS-EWMA statistic,ks_ewma,0.13593573,upper,,0.20,,,1,1000,  3.058,6.002722e+00, 0.189822730,  2.6859543,  3.430046,0.0620741431,0,asymp
100,500,N_0_2,"N(0,2)",6,KS-EWMA statistic,ks_ewma,0.13593573,upper,,0.20,,,5,1000,  8.817,1.284377e+01, 0.406155726,  8.0209494,  9.613051,0.0460650704,0,asymp
100,500,N_0_2,"N(0,2)",7,KS-CUSUM statistic,ks_cusum,0.13952209,upper,,,,0.1234103,1,1000,  6.695,1.028220e+01, 0.325151809,  6.0577142,  7.332286,0.0485663643,0,asymp
100,500,N_0_2,"N(0,2)",7,KS-CUSUM statistic,ks_cusum,0.13952209,upper,,,,0.1234103,5,1000, 11.214,1.200426e+01, 0.379608096, 10.4699818, 11.958018,0.0338512659,0,asymp
100,500,Cauchy,"Cauchy(0,1)",1,p-value Shewhart,p_shewhart,0.01818604,lower,marginal,,,,1,1000, 10.399,1.457066e+01, 0.460764694,  9.4959178, 11.302082,0.0443085579,0,asymp
100,500,Cauchy,"Cauchy(0,1)",1,p-value Shewhart,p_shewhart,0.01818604,lower,marginal,,,,5,1000, 51.808,4.364560e+01, 1.380194941, 49.1028676, 54.513132,0.0266405756,0,asymp
100,500,Cauchy,"Cauchy(0,1)",2,Qtilde r=-0.8,qtilde,0.28353877,lower,marginal,0.50,-0.8,,1,1000,  7.632,1.174984e+01, 0.371562424,  6.9037510,  8.360249,0.0486848039,0,asymp
100,500,Cauchy,"Cauchy(0,1)",2,Qtilde r=-0.8,qtilde,0.28353877,lower,marginal,0.50,-0.8,,5,1000, 24.830,2.770788e+01, 0.876200221, 23.1126791, 26.547321,0.0352879670,0,asymp
100,500,Cauchy,"Cauchy(0,1)",3,Qtilde r=-0.9,qtilde,0.46073512,lower,marginal,0.50,-0.9,,1,1000,  8.039,1.282333e+01, 0.405509454,  7.2442161,  8.833784,0.0504427732,0,asymp
100,500,Cauchy,"Cauchy(0,1)",3,Qtilde r=-0.9,qtilde,0.46073512,lower,marginal,0.50,-0.9,,5,1000, 25.624,2.817748e+01, 0.891050276, 23.8775736, 27.370426,0.0347740507,0,asymp
100,500,Cauchy,"Cauchy(0,1)",4,Qbar lambda=0.95,qbar,0.04775701,lower,marginal,0.95, 1.0,,1,1000,  4.281,4.837504e+00, 0.152975294,  3.9811739,  4.580826,0.0357335421,0,asymp
100,500,Cauchy,"Cauchy(0,1)",4,Qbar lambda=0.95,qbar,0.04775701,lower,marginal,0.95, 1.0,,5,1000, 22.376,1.757844e+01, 0.555879147, 21.2864969, 23.465503,0.0248426505,0,asymp
100,500,Cauchy,"Cauchy(0,1)",5,KS Shewhart statistic,ks_shewhart,0.21904346,upper,,,,,1,1000, 11.433,1.572115e+01, 0.497146523, 10.4586107, 12.407389,0.0434834709,0,asymp
100,500,Cauchy,"Cauchy(0,1)",5,KS Shewhart statistic,ks_shewhart,0.21904346,upper,,,,,5,1000, 56.344,4.759882e+01, 1.505206734, 53.3938490, 59.294151,0.0267145878,0,asymp
100,500,Cauchy,"Cauchy(0,1)",6,KS-EWMA statistic,ks_ewma,0.13593573,upper,,0.20,,,1,1000,  1.159,7.240464e-01, 0.022896359,  1.1141240,  1.203876,0.0197552707,0,asymp
100,500,Cauchy,"Cauchy(0,1)",6,KS-EWMA statistic,ks_ewma,0.13593573,upper,,0.20,,,5,1000,  5.170,7.613670e-01, 0.024076538,  5.1228109,  5.217189,0.0046569706,0,asymp
100,500,Cauchy,"Cauchy(0,1)",7,KS-CUSUM statistic,ks_cusum,0.13952209,upper,,,,0.1234103,1,1000,  3.240,1.270439e+00, 0.040174793,  3.1612589,  3.318741,0.0123996276,0,asymp
100,500,Cauchy,"Cauchy(0,1)",7,KS-CUSUM statistic,ks_cusum,0.13952209,upper,,,,0.1234103,5,1000,  7.243,1.276550e+00, 0.040368064,  7.1638800,  7.322120,0.0055733900,0,asymp
100,500,dyn_mu_half,"N(mu_t,1), mu_t~N(0,1/2)",1,p-value Shewhart,p_shewhart,0.01818604,lower,marginal,,,,1,1000,  1.706,1.101261e+00, 0.034824945,  1.6377444,  1.774256,0.0204132150,0,asymp
100,500,dyn_mu_half,"N(mu_t,1), mu_t~N(0,1/2)",1,p-value Shewhart,p_shewhart,0.01818604,lower,marginal,,,,5,1000,  8.612,2.665063e+00, 0.084276679,  8.4468207,  8.777179,0.0097859590,0,asymp
100,500,dyn_mu_half,"N(mu_t,1), mu_t~N(0,1/2)",2,Qtilde r=-0.8,qtilde,0.28353877,lower,marginal,0.50,-0.8,,1,1000,  1.617,1.060866e+00, 0.033547525,  1.5512481,  1.682752,0.0207467687,0,asymp
100,500,dyn_mu_half,"N(mu_t,1), mu_t~N(0,1/2)",2,Qtilde r=-0.8,qtilde,0.28353877,lower,marginal,0.50,-0.8,,5,1000,  5.725,1.216081e+00, 0.038455869,  5.6496279,  5.800372,0.0067171823,0,asymp
100,500,dyn_mu_half,"N(mu_t,1), mu_t~N(0,1/2)",3,Qtilde r=-0.9,qtilde,0.46073512,lower,marginal,0.50,-0.9,,1,1000,  1.622,1.062188e+00, 0.033589347,  1.5561661,  1.687834,0.0207085988,0,asymp
100,500,dyn_mu_half,"N(mu_t,1), mu_t~N(0,1/2)",3,Qtilde r=-0.9,qtilde,0.46073512,lower,marginal,0.50,-0.9,,5,1000,  5.724,1.212970e+00, 0.038357467,  5.6488207,  5.799179,0.0067011648,0,asymp
100,500,dyn_mu_half,"N(mu_t,1), mu_t~N(0,1/2)",4,Qbar lambda=0.95,qbar,0.04775701,lower,marginal,0.95, 1.0,,1,1000,  1.634,1.112331e+00, 0.035175009,  1.5650582,  1.702942,0.0215269335,0,asymp
100,500,dyn_mu_half,"N(mu_t,1), mu_t~N(0,1/2)",4,Qbar lambda=0.95,qbar,0.04775701,lower,marginal,0.95, 1.0,,5,1000,  8.161,2.694873e+00, 0.085219372,  7.9939731,  8.328027,0.0104422708,0,asymp
100,500,dyn_mu_half,"N(mu_t,1), mu_t~N(0,1/2)",5,KS Shewhart statistic,ks_shewhart,0.21904346,upper,,,,,1,1000,  1.719,1.144268e+00, 0.036184919,  1.6480789,  1.789921,0.0210499818,0,asymp
100,500,dyn_mu_half,"N(mu_t,1), mu_t~N(0,1/2)",5,KS Shewhart statistic,ks_shewhart,0.21904346,upper,,,,,5,1000,  8.704,2.772015e+00, 0.087658816,  8.5321919,  8.875808,0.0100710956,0,asymp
100,500,dyn_mu_half,"N(mu_t,1), mu_t~N(0,1/2)",6,KS-EWMA statistic,ks_ewma,0.13593573,upper,,0.20,,,1,1000,  1.368,9.085160e-01, 0.028729800,  1.3116906,  1.424309,0.0210013157,0,asymp
100,500,dyn_mu_half,"N(mu_t,1), mu_t~N(0,1/2)",6,KS-EWMA statistic,ks_ewma,0.13593573,upper,,0.20,,,5,1000,  5.402,9.712566e-01, 0.030713830,  5.3418020,  5.462198,0.0056856405,0,asymp
100,500,dyn_mu_half,"N(mu_t,1), mu_t~N(0,1/2)",7,KS-CUSUM statistic,ks_cusum,0.13952209,upper,,,,0.1234103,1,1000,  1.867,1.108395e+00, 0.035050528,  1.7983022,  1.935698,0.0187737163,0,asymp
100,500,dyn_mu_half,"N(mu_t,1), mu_t~N(0,1/2)",7,KS-CUSUM statistic,ks_cusum,0.13952209,upper,,,,0.1234103,5,1000,  5.898,1.122879e+00, 0.035508546,  5.8284045,  5.967595,0.0060204385,0,asymp
100,500,dyn_mu_quarter,"N(mu_t,1), mu_t~N(0,1/4)",1,p-value Shewhart,p_shewhart,0.01818604,lower,marginal,,,,1,1000,  2.148,1.578793e+00, 0.049925831,  2.0501472,  2.245853,0.0232429380,0,asymp
100,500,dyn_mu_quarter,"N(mu_t,1), mu_t~N(0,1/4)",1,p-value Shewhart,p_shewhart,0.01818604,lower,marginal,,,,5,1000, 11.323,3.988305e+00, 0.126121281, 11.0758068, 11.570193,0.0111385040,0,asymp
100,500,dyn_mu_quarter,"N(mu_t,1), mu_t~N(0,1/4)",2,Qtilde r=-0.8,qtilde,0.28353877,lower,marginal,0.50,-0.8,,1,1000,  1.999,1.489704e+00, 0.047108579,  1.9066689,  2.091331,0.0235660726,0,asymp
100,500,dyn_mu_quarter,"N(mu_t,1), mu_t~N(0,1/4)",2,Qtilde r=-0.8,qtilde,0.28353877,lower,marginal,0.50,-0.8,,5,1000,  6.307,1.854775e+00, 0.058653143,  6.1920420,  6.421958,0.0092996897,0,asymp
100,500,dyn_mu_quarter,"N(mu_t,1), mu_t~N(0,1/4)",3,Qtilde r=-0.9,qtilde,0.46073512,lower,marginal,0.50,-0.9,,1,1000,  2.022,1.513872e+00, 0.047872830,  1.9281710,  2.115829,0.0236759790,0,asymp
100,500,dyn_mu_quarter,"N(mu_t,1), mu_t~N(0,1/4)",3,Qtilde r=-0.9,qtilde,0.46073512,lower,marginal,0.50,-0.9,,5,1000,  6.302,1.856406e+00, 0.058704704,  6.1869409,  6.417059,0.0093152497,0,asymp
100,500,dyn_mu_quarter,"N(mu_t,1), mu_t~N(0,1/4)",4,Qbar lambda=0.95,qbar,0.04775701,lower,marginal,0.95, 1.0,,1,1000,  2.013,1.550237e+00, 0.049022793,  1.9169171,  2.109083,0.0243531013,0,asymp
100,500,dyn_mu_quarter,"N(mu_t,1), mu_t~N(0,1/4)",4,Qbar lambda=0.95,qbar,0.04775701,lower,marginal,0.95, 1.0,,5,1000, 10.474,3.887214e+00, 0.122924507, 10.2330724, 10.714928,0.0117361569,0,asymp
100,500,dyn_mu_quarter,"N(mu_t,1), mu_t~N(0,1/4)",5,KS Shewhart statistic,ks_shewhart,0.21904346,upper,,,,,1,1000,  2.176,1.608605e+00, 0.050868572,  2.0762994,  2.275701,0.0233771011,0,asymp
100,500,dyn_mu_quarter,"N(mu_t,1), mu_t~N(0,1/4)",5,KS Shewhart statistic,ks_shewhart,0.21904346,upper,,,,,5,1000, 11.483,4.059087e+00, 0.128359601, 11.2314198, 11.734580,0.0111782288,0,asymp
100,500,dyn_mu_quarter,"N(mu_t,1), mu_t~N(0,1/4)",6,KS-EWMA statistic,ks_ewma,0.13593573,upper,,0.20,,,1,1000,  1.609,1.319037e+00, 0.041711615,  1.5272467,  1.690753,0.0259239375,0,asymp
100,500,dyn_mu_quarter,"N(mu_t,1), mu_t~N(0,1/4)",6,KS-EWMA statistic,ks_ewma,0.13593573,upper,,0.20,,,5,1000,  5.689,1.480023e+00, 0.046802452,  5.5972689,  5.780731,0.0082268328,0,asymp
100,500,dyn_mu_quarter,"N(mu_t,1), mu_t~N(0,1/4)",7,KS-CUSUM statistic,ks_cusum,0.13952209,upper,,,,0.1234103,1,1000,  2.327,1.462946e+00, 0.046262417,  2.2363273,  2.417673,0.0198807120,0,asymp
100,500,dyn_mu_quarter,"N(mu_t,1), mu_t~N(0,1/4)",7,KS-CUSUM statistic,ks_cusum,0.13952209,upper,,,,0.1234103,5,1000,  6.416,1.524227e+00, 0.048200283,  6.3215292,  6.510471,0.0075125129,0,asymp
100,500,dyn_var_chi1,"N(0,sigma_t^2), sigma_t^2~chi^2_1",1,p-value Shewhart,p_shewhart,0.01818604,lower,marginal,,,,1,1000,  2.119,1.561178e+00, 0.049368778,  2.0222390,  2.215761,0.0232981493,0,asymp
100,500,dyn_var_chi1,"N(0,sigma_t^2), sigma_t^2~chi^2_1",1,p-value Shewhart,p_shewhart,0.01818604,lower,marginal,,,,5,1000, 10.528,3.673787e+00, 0.116175353, 10.3003005, 10.755700,0.0110348930,0,asymp
100,500,dyn_var_chi1,"N(0,sigma_t^2), sigma_t^2~chi^2_1",2,Qtilde r=-0.8,qtilde,0.28353877,lower,marginal,0.50,-0.8,,1,1000,  1.978,1.491892e+00, 0.047177767,  1.8855333,  2.070467,0.0238512474,0,asymp
100,500,dyn_var_chi1,"N(0,sigma_t^2), sigma_t^2~chi^2_1",2,Qtilde r=-0.8,qtilde,0.28353877,lower,marginal,0.50,-0.8,,5,1000,  6.212,1.748174e+00, 0.055282114,  6.1036490,  6.320351,0.0088992456,0,asymp
100,500,dyn_var_chi1,"N(0,sigma_t^2), sigma_t^2~chi^2_1",3,Qtilde r=-0.9,qtilde,0.46073512,lower,marginal,0.50,-0.9,,1,1000,  1.989,1.495030e+00, 0.047276993,  1.8963388,  2.081661,0.0237692275,0,asymp
100,500,dyn_var_chi1,"N(0,sigma_t^2), sigma_t^2~chi^2_1",3,Qtilde r=-0.9,qtilde,0.46073512,lower,marginal,0.50,-0.9,,5,1000,  6.213,1.745473e+00, 0.055196718,  6.1048164,  6.321184,0.0088840686,0,asymp
100,500,dyn_var_chi1,"N(0,sigma_t^2), sigma_t^2~chi^2_1",4,Qbar lambda=0.95,qbar,0.04775701,lower,marginal,0.95, 1.0,,1,1000,  1.946,1.523616e+00, 0.048180965,  1.8515670,  2.040433,0.0247589749,0,asymp
100,500,dyn_var_chi1,"N(0,sigma_t^2), sigma_t^2~chi^2_1",4,Qbar lambda=0.95,qbar,0.04775701,lower,marginal,0.95, 1.0,,5,1000,  9.635,3.457995e+00, 0.109351419,  9.4206752,  9.849325,0.0113493948,0,asymp
100,500,dyn_var_chi1,"N(0,sigma_t^2), sigma_t^2~chi^2_1",5,KS Shewhart statistic,ks_shewhart,0.21904346,upper,,,,,1,1000,  2.144,1.577895e+00, 0.049897432,  2.0462028,  2.241797,0.0232730561,0,asymp
100,500,dyn_var_chi1,"N(0,sigma_t^2), sigma_t^2~chi^2_1",5,KS Shewhart statistic,ks_shewhart,0.21904346,upper,,,,,5,1000, 10.696,3.732763e+00, 0.118040322, 10.4646452, 10.927355,0.0110359313,0,asymp
100,500,dyn_var_chi1,"N(0,sigma_t^2), sigma_t^2~chi^2_1",6,KS-EWMA statistic,ks_ewma,0.13593573,upper,,0.20,,,1,1000,  1.435,1.050180e+00, 0.033209605,  1.3699104,  1.500090,0.0231425820,0,asymp
100,500,dyn_var_chi1,"N(0,sigma_t^2), sigma_t^2~chi^2_1",6,KS-EWMA statistic,ks_ewma,0.13593573,upper,,0.20,,,5,1000,  5.481,1.136191e+00, 0.035929513,  5.4105794,  5.551421,0.0065552843,0,asymp
100,500,dyn_var_chi1,"N(0,sigma_t^2), sigma_t^2~chi^2_1",7,KS-CUSUM statistic,ks_cusum,0.13952209,upper,,,,0.1234103,1,1000,  2.250,1.346593e+00, 0.042583017,  2.1665388,  2.333461,0.0189257852,0,asymp
100,500,dyn_var_chi1,"N(0,sigma_t^2), sigma_t^2~chi^2_1",7,KS-CUSUM statistic,ks_cusum,0.13952209,upper,,,,0.1234103,5,1000,  6.287,1.361795e+00, 0.043063737,  6.2025966,  6.371403,0.0068496481,0,asymp
100,500,dyn_var_chi2,"N(0,sigma_t^2), sigma_t^2~chi^2_2",1,p-value Shewhart,p_shewhart,0.01818604,lower,marginal,,,,1,1000,  3.267,2.906572e+00, 0.091913868,  3.0868521,  3.447148,0.0281340276,0,asymp
100,500,dyn_var_chi2,"N(0,sigma_t^2), sigma_t^2~chi^2_2",1,p-value Shewhart,p_shewhart,0.01818604,lower,marginal,,,,5,1000, 16.166,6.834556e+00, 0.216127636, 15.7423976, 16.589602,0.0133692711,0,asymp
100,500,dyn_var_chi2,"N(0,sigma_t^2), sigma_t^2~chi^2_2",2,Qtilde r=-0.8,qtilde,0.28353877,lower,marginal,0.50,-0.8,,1,1000,  2.979,2.787531e+00, 0.088149472,  2.8062302,  3.151770,0.0295902892,0,asymp
100,500,dyn_var_chi2,"N(0,sigma_t^2), sigma_t^2~chi^2_2",2,Qtilde r=-0.8,qtilde,0.28353877,lower,marginal,0.50,-0.8,,5,1000,  8.108,3.836542e+00, 0.121322113,  7.8702130,  8.345787,0.0149632601,0,asymp
100,500,dyn_var_chi2,"N(0,sigma_t^2), sigma_t^2~chi^2_2",3,Qtilde r=-0.9,qtilde,0.46073512,lower,marginal,0.50,-0.9,,1,1000,  3.027,2.813572e+00, 0.088972958,  2.8526162,  3.201384,0.0293931145,0,asymp
100,500,dyn_var_chi2,"N(0,sigma_t^2), sigma_t^2~chi^2_2",3,Qtilde r=-0.9,qtilde,0.46073512,lower,marginal,0.50,-0.9,,5,1000,  8.092,3.844518e+00, 0.121574324,  7.8537187,  8.330281,0.0150240144,0,asymp
100,500,dyn_var_chi2,"N(0,sigma_t^2), sigma_t^2~chi^2_2",4,Qbar lambda=0.95,qbar,0.04775701,lower,marginal,0.95, 1.0,,1,1000,  2.750,2.392326e+00, 0.075651988,  2.6017248,  2.898275,0.0275098137,0,asymp
100,500,dyn_var_chi2,"N(0,sigma_t^2), sigma_t^2~chi^2_2",4,Qbar lambda=0.95,qbar,0.04775701,lower,marginal,0.95, 1.0,,5,1000, 13.495,5.982120e+00, 0.189171247, 13.1242312, 13.865769,0.0140178768,0,asymp
100,500,dyn_var_chi2,"N(0,sigma_t^2), sigma_t^2~chi^2_2",5,KS Shewhart statistic,ks_shewhart,0.21904346,upper,,,,,1,1000,  3.342,2.963751e+00, 0.093722035,  3.1583082,  3.525692,0.0280436968,0,asymp
100,500,dyn_var_chi2,"N(0,sigma_t^2), sigma_t^2~chi^2_2",5,KS Shewhart statistic,ks_shewhart,0.21904346,upper,,,,,5,1000, 16.545,6.894310e+00, 0.218017216, 16.1176941, 16.972306,0.0131772267,0,asymp
100,500,dyn_var_chi2,"N(0,sigma_t^2), sigma_t^2~chi^2_2",6,KS-EWMA statistic,ks_ewma,0.13593573,upper,,0.20,,,1,1000,  1.828,1.769052e+00, 0.055942341,  1.7183550,  1.937645,0.0306030313,0,asymp
100,500,dyn_var_chi2,"N(0,sigma_t^2), sigma_t^2~chi^2_2",6,KS-EWMA statistic,ks_ewma,0.13593573,upper,,0.20,,,5,1000,  5.969,1.955470e+00, 0.061837390,  5.8478009,  6.090199,0.0103597572,0,asymp
100,500,dyn_var_chi2,"N(0,sigma_t^2), sigma_t^2~chi^2_2",7,KS-CUSUM statistic,ks_cusum,0.13952209,upper,,,,0.1234103,1,1000,  3.126,1.981931e+00, 0.062674174,  3.0031609,  3.248839,0.0200493198,0,asymp
100,500,dyn_var_chi2,"N(0,sigma_t^2), sigma_t^2~chi^2_2",7,KS-CUSUM statistic,ks_cusum,0.13952209,upper,,,,0.1234103,5,1000,  7.254,2.058573e+00, 0.065097786,  7.1264107,  7.381589,0.0089740537,0,asymp
