"chart_index","chart","chart_type","threshold","validity","lambda","r","kappa","k","n_rep","mean_Rk","sd_Rk","se_Rk","ci_lower","ci_upper","mcse_ratio","censored_rate","lower_bound","ratio","n0","alpha_nominal","ks_engine"
1,"raw P_t alpha=0.05","p_shewhart",0.05,"marginal",NA,NA,NA,1,500,120.23,212.82860976445,9.51798477980171,101.575092626188,138.884907373812,0.0791648072843859,0,10.5,11.4504761904762,50,0.05,"asymp"
1,"raw P_t alpha=0.05","p_shewhart",0.05,"marginal",NA,NA,NA,5,500,573.872,758.936345399756,33.9406651781823,507.34951863943,640.39448136057,0.0591432674502019,0,50.5,11.363801980198,50,0.05,"asymp"
2,"Qtilde(lambda=0.50,r=-0.90,alpha=0.05)","qtilde",0.05,"marginal",0.5,-0.9,NA,1,500,39045.534,61701.8292227037,2759.38968956097,33637.2295891493,44453.8384108507,0.070671070590582,0.082,10.5,3718.62228571429,50,0.05,"asymp"
2,"Qtilde(lambda=0.50,r=-0.90,alpha=0.05)","qtilde",0.05,"marginal",0.5,-0.9,NA,5,500,83694.542,82818.5922709856,3703.76004237525,76435.305709566,90953.778290434,0.0442533043836389,0.27,50.5,1657.31766336634,50,0.05,"asymp"
3,"Qtilde(lambda=0.50,r=-0.80,alpha=0.05)","qtilde",0.05,"marginal",0.5,-0.8,NA,1,500,21479.996,43974.8459308417,1966.61489602884,17625.5016323235,25334.4903676765,0.0915556453562115,0.03,10.5,2045.7139047619,50,0.05,"asymp"
3,"Qtilde(lambda=0.50,r=-0.80,alpha=0.05)","qtilde",0.05,"marginal",0.5,-0.8,NA,5,500,59057.308,72763.422153773,3254.07916422701,52679.4300352729,65435.1859647271,0.0551003639418683,0.154,50.5,1169.45164356436,50,0.05,"asymp"
4,"Qtilde(lambda=0.50,r=-0.50,alpha=0.05)","qtilde",0.05,"marginal",0.5,-0.5,NA,1,500,14963.068,33416.7548766835,1494.44270983424,12034.0141117664,17892.1218882335,0.0998754205911675,0.01,10.5,1425.0540952381,50,0.05,"asymp"
4,"Qtilde(lambda=0.50,r=-0.50,alpha=0.05)","qtilde",0.05,"marginal",0.5,-0.5,NA,5,500,50798.844,67285.7073704092,3009.10831188787,44901.1000831197,56696.5879168803,0.0592357635517822,0.108,50.5,1005.9177029703,50,0.05,"asymp"
5,"Qtilde(lambda=0.50,r=0.50,alpha=0.05)","qtilde",0.05,"marginal",0.5,0.5,NA,1,500,162325.38,73901.7976918816,3304.98886596969,155847.720853394,168803.039146606,0.0203602718562537,0.778,10.5,15459.56,50,0.05,"asymp"
5,"Qtilde(lambda=0.50,r=0.50,alpha=0.05)","qtilde",0.05,"marginal",0.5,0.5,NA,5,500,176348.786,60119.2090145344,2688.61276220034,171079.201817713,181618.370182287,0.015245995298206,0.854,50.5,3492.05516831683,50,0.05,"asymp"
6,"Qtilde(lambda=0.70,r=-0.90,alpha=0.05)","qtilde",0.05,"marginal",0.7,-0.9,NA,1,500,24417.148,47778.9829610435,2136.74107593395,20229.2124468821,28605.0835531179,0.0875098547927853,0.04,10.5,2325.44266666667,50,0.05,"asymp"
6,"Qtilde(lambda=0.70,r=-0.90,alpha=0.05)","qtilde",0.05,"marginal",0.7,-0.9,NA,5,500,66990.654,75912.5556455027,3394.91269538159,60336.7473863943,73644.5606136057,0.0506774078572451,0.18,50.5,1326.5476039604,50,0.05,"asymp"
7,"Qtilde(lambda=0.70,r=-0.80,alpha=0.05)","qtilde",0.05,"marginal",0.7,-0.8,NA,1,500,11203.106,26827.8498721812,1199.77792008712,8851.58448718286,13554.6275128171,0.107093329304134,0.002,10.5,1066.96247619048,50,0.05,"asymp"
7,"Qtilde(lambda=0.70,r=-0.80,alpha=0.05)","qtilde",0.05,"marginal",0.7,-0.8,NA,5,500,42947.208,60806.5913006802,2719.35343256736,37617.3732109326,48277.0427890674,0.0633185149676636,0.064,50.5,850.439762376238,50,0.05,"asymp"
8,"Qtilde(lambda=0.70,r=-0.50,alpha=0.05)","qtilde",0.05,"marginal",0.7,-0.5,NA,1,500,4729.352,11313.6473719933,505.961691944779,3737.68530623128,5721.01869376871,0.106983301717609,0,10.5,450.414476190476,50,0.05,"asymp"
8,"Qtilde(lambda=0.70,r=-0.50,alpha=0.05)","qtilde",0.05,"marginal",0.7,-0.5,NA,5,500,21968.134,36953.1786471516,1652.59638879449,18729.1045969818,25207.1634030182,0.0752269805343728,0.01,50.5,435.012554455446,50,0.05,"asymp"
9,"Qtilde(lambda=0.70,r=0.50,alpha=0.05)","qtilde",0.05,"marginal",0.7,0.5,NA,1,500,93271.04,90588.7103703299,4051.25028764196,85330.7353438642,101211.344656136,0.043435243004066,0.372,10.5,8882.95619047619,50,0.05,"asymp"
9,"Qtilde(lambda=0.70,r=0.50,alpha=0.05)","qtilde",0.05,"marginal",0.7,0.5,NA,5,500,130796.906,86629.6583040989,3874.19609671089,123203.621181401,138390.190818599,0.0296199368562349,0.57,50.5,2590.03774257426,50,0.05,"asymp"
10,"Qtilde(lambda=0.90,r=-0.90,alpha=0.05)","qtilde",0.05,"marginal",0.9,-0.9,NA,1,500,16189.04,35189.6309441058,1573.72813788301,13104.589528292,19273.490471708,0.0972094786277019,0.012,10.5,1541.81333333333,50,0.05,"asymp"
10,"Qtilde(lambda=0.90,r=-0.90,alpha=0.05)","qtilde",0.05,"marginal",0.9,-0.9,NA,5,500,55816.316,69417.1856898444,3104.43092018436,49731.7432039461,61900.8887960539,0.0556186997397742,0.132,50.5,1105.27358415842,50,0.05,"asymp"
11,"Qtilde(lambda=0.90,r=-0.80,alpha=0.05)","qtilde",0.05,"marginal",0.9,-0.8,NA,1,500,7141.842,17888.9472097601,800.018040138575,5573.83545434607,8709.84854565393,0.112018445680901,0,10.5,680.175428571428,50,0.05,"asymp"
11,"Qtilde(lambda=0.90,r=-0.80,alpha=0.05)","qtilde",0.05,"marginal",0.9,-0.8,NA,5,500,28963.908,46710.5907230355,2088.96112251757,24869.6194347612,33058.1965652388,0.0721229028388561,0.024,50.5,573.542732673267,50,0.05,"asymp"
12,"Qtilde(lambda=0.90,r=-0.50,alpha=0.05)","qtilde",0.05,"marginal",0.9,-0.5,NA,1,500,1963.312,4172.45913642618,186.59804524778,1597.58655172878,2329.03744827122,0.0950424819120853,0,10.5,186.982095238095,50,0.05,"asymp"
12,"Qtilde(lambda=0.90,r=-0.50,alpha=0.05)","qtilde",0.05,"marginal",0.9,-0.5,NA,5,500,10552.676,17495.463329482,782.420906051532,9019.1592033878,12086.1927966122,0.074144312404885,0,50.5,208.963881188119,50,0.05,"asymp"
13,"Qtilde(lambda=0.90,r=0.50,alpha=0.05)","qtilde",0.05,"marginal",0.9,0.5,NA,1,500,4837.712,12512.6230998433,559.581516561677,3740.95238112481,5934.47161887519,0.115670696511425,0,10.5,460.734476190476,50,0.05,"asymp"
13,"Qtilde(lambda=0.90,r=0.50,alpha=0.05)","qtilde",0.05,"marginal",0.9,0.5,NA,5,500,22234.646,40185.2380413201,1797.13847904804,18712.3193058347,25756.9726941653,0.0808260441406643,0.012,50.5,440.29001980198,50,0.05,"asymp"
14,"Qbar(lambda=0.80,r=1.00,alpha=0.05)","qbar",0.05,"marginal",0.8,1,NA,1,500,44590.32,69706.8185437881,3117.38369518306,38480.3602314488,50700.2797685512,0.0699116690614255,0.124,10.5,4246.69714285714,50,0.05,"asymp"
14,"Qbar(lambda=0.80,r=1.00,alpha=0.05)","qbar",0.05,"marginal",0.8,1,NA,5,500,86111.914,87244.3306459642,3901.68507951688,78464.7517651296,93759.0762348704,0.0453094687863619,0.322,50.5,1705.18641584158,50,0.05,"asymp"
15,"Qbar(lambda=0.80,r=2.00,alpha=0.05)","qbar",0.05,"marginal",0.8,2,NA,1,500,115084.958,90584.788765397,4051.07490813774,107144.997081376,123024.918918624,0.0352007332542776,0.48,10.5,10960.4721904762,50,0.05,"asymp"
15,"Qbar(lambda=0.80,r=2.00,alpha=0.05)","qbar",0.05,"marginal",0.8,2,NA,5,500,145923.504,81797.9438932318,3658.1152592996,138753.729840476,153093.278159524,0.0250687186027249,0.66,50.5,2889.57433663366,50,0.05,"asymp"
16,"Qbar(lambda=0.90,r=1.00,alpha=0.05)","qbar",0.05,"marginal",0.9,1,NA,1,500,4172.842,11502.4306120492,514.40433510033,3164.62802971208,5181.05597028792,0.123274337993226,0,10.5,397.413523809524,50,0.05,"asymp"
16,"Qbar(lambda=0.90,r=1.00,alpha=0.05)","qbar",0.05,"marginal",0.9,1,NA,5,500,18230.464,36500.794967826,1632.36517561682,15031.0870461736,21429.8409538264,0.089540517214308,0.012,50.5,360.999287128713,50,0.05,"asymp"
17,"Qbar(lambda=0.90,r=2.00,alpha=0.05)","qbar",0.05,"marginal",0.9,2,NA,1,500,42448.642,68786.0594436504,3076.20609640687,36419.38884202,48477.89515798,0.0724688930309448,0.116,10.5,4042.72780952381,50,0.05,"asymp"
17,"Qbar(lambda=0.90,r=2.00,alpha=0.05)","qbar",0.05,"marginal",0.9,2,NA,5,500,83965.608,86028.3233956054,3847.30358205818,76425.031541574,91506.184458426,0.045819993134072,0.31,50.5,1662.68530693069,50,0.05,"asymp"
18,"Qbar(lambda=0.95,r=1.00,alpha=0.05)","qbar",0.05,"marginal",0.95,1,NA,1,500,670.862,1650.36693161671,73.8066529382541,526.203618421575,815.520381578425,0.110017638408874,0,10.5,63.891619047619,50,0.05,"asymp"
18,"Qbar(lambda=0.95,r=1.00,alpha=0.05)","qbar",0.05,"marginal",0.95,1,NA,5,500,3419.088,6152.69690450077,275.156970468325,2879.79024778693,3958.38575221307,0.0804767149802301,0,50.5,67.7047128712871,50,0.05,"asymp"
19,"Qbar(lambda=0.95,r=2.00,alpha=0.05)","qbar",0.05,"marginal",0.95,2,NA,1,500,11287.766,30062.8668495483,1344.4522774823,8652.68795720184,13922.8440427982,0.119107029458469,0.006,10.5,1075.02533333333,50,0.05,"asymp"
19,"Qbar(lambda=0.95,r=2.00,alpha=0.05)","qbar",0.05,"marginal",0.95,2,NA,5,500,37019.2,60649.5990181148,2712.33252425219,31703.1259383691,42335.2740616309,0.073268264150824,0.07,50.5,733.053465346535,50,0.05,"asymp"
1,"raw P_t alpha=0.1","p_shewhart",0.1,"marginal",NA,NA,NA,1,500,33.31,48.6464268955018,2.17553434801632,29.0460310307582,37.5739689692418,0.0653117486645548,0,5.5,6.05636363636364,50,0.1,"asymp"
1,"raw P_t alpha=0.1","p_shewhart",0.1,"marginal",NA,NA,NA,5,500,165.868,163.72369857461,7.32194639081029,151.517248777279,180.218751222721,0.0441432126197355,0,25.5,6.50462745098039,50,0.1,"asymp"
2,"Qtilde(lambda=0.50,r=-0.90,alpha=0.1)","qtilde",0.1,"marginal",0.5,-0.9,NA,1,500,14215.446,33050.6403683893,1478.06957127234,11318.4828736616,17112.4091263384,0.103976306566276,0.016,5.5,2584.62654545455,50,0.1,"asymp"
2,"Qtilde(lambda=0.50,r=-0.90,alpha=0.1)","qtilde",0.1,"marginal",0.5,-0.9,NA,5,500,49680.592,67393.4769193287,3013.92791263364,43773.4018392381,55587.7821607619,0.0606661030253754,0.104,25.5,1948.25850980392,50,0.1,"asymp"
3,"Qtilde(lambda=0.50,r=-0.80,alpha=0.1)","qtilde",0.1,"marginal",0.5,-0.8,NA,1,500,5710.182,14418.4017064449,644.810526850194,4446.37659052132,6973.98740947868,0.11292293780657,0.002,5.5,1038.21490909091,50,0.1,"asymp"
3,"Qtilde(lambda=0.50,r=-0.80,alpha=0.1)","qtilde",0.1,"marginal",0.5,-0.8,NA,5,500,26173.854,43115.6238747964,1928.18931752715,22394.6723822719,29953.0356177281,0.0736685288122701,0.022,25.5,1026.42564705882,50,0.1,"asymp"
4,"Qtilde(lambda=0.50,r=-0.50,alpha=0.1)","qtilde",0.1,"marginal",0.5,-0.5,NA,1,500,3387.598,8349.72441317364,373.411027624916,2655.72583442507,4119.47016557493,0.11022884876686,0,5.5,615.926909090909,50,0.1,"asymp"
4,"Qtilde(lambda=0.50,r=-0.50,alpha=0.1)","qtilde",0.1,"marginal",0.5,-0.5,NA,5,500,16068.438,27107.8547540171,1212.30011908346,13692.3734281428,18444.5025718572,0.0754460464099535,0.004,25.5,630.134823529412,50,0.1,"asymp"
5,"Qtilde(lambda=0.50,r=0.50,alpha=0.1)","qtilde",0.1,"marginal",0.5,0.5,NA,1,500,120793.5,90687.9132779193,4055.68677654067,112844.499985405,128742.500014595,0.0335753726528386,0.536,5.5,21962.4545454545,50,0.1,"asymp"
5,"Qtilde(lambda=0.50,r=0.50,alpha=0.1)","qtilde",0.1,"marginal",0.5,0.5,NA,5,500,146739.162,82452.311619229,3687.37947365183,139512.03103431,153966.29296569,0.0251288028594019,0.682,25.5,5754.47694117647,50,0.1,"asymp"
6,"Qtilde(lambda=0.70,r=-0.90,alpha=0.1)","qtilde",0.1,"marginal",0.7,-0.9,NA,1,500,6746.172,16700.617506446,746.874320212724,5282.32523140523,8210.01876859477,0.110710832782313,0.004,5.5,1226.57672727273,50,0.1,"asymp"
6,"Qtilde(lambda=0.70,r=-0.90,alpha=0.1)","qtilde",0.1,"marginal",0.7,-0.9,NA,5,500,33087.506,50312.9420212298,2250.06317014951,28677.4632235669,37497.5487764331,0.068003407997856,0.038,25.5,1297.54925490196,50,0.1,"asymp"
7,"Qtilde(lambda=0.70,r=-0.80,alpha=0.1)","qtilde",0.1,"marginal",0.7,-0.8,NA,1,500,2946.772,7509.84797510805,335.850611460615,2288.51689735144,3605.02710264856,0.11397237772743,0,5.5,535.776727272727,50,0.1,"asymp"
7,"Qtilde(lambda=0.70,r=-0.80,alpha=0.1)","qtilde",0.1,"marginal",0.7,-0.8,NA,5,500,13767.792,23529.700683205,1052.28020435739,11705.3606978151,15830.2233021849,0.0764305710281934,0.002,25.5,539.913411764706,50,0.1,"asymp"
8,"Qtilde(lambda=0.70,r=-0.50,alpha=0.1)","qtilde",0.1,"marginal",0.7,-0.5,NA,1,500,1124.424,2021.45656235571,90.4022857398084,947.238775829877,1301.60922417012,0.0803987514850344,0,5.5,204.440727272727,50,0.1,"asymp"
8,"Qtilde(lambda=0.70,r=-0.50,alpha=0.1)","qtilde",0.1,"marginal",0.7,-0.5,NA,5,500,5506.272,8018.1480281683,358.582480892804,4803.46325196308,6209.08074803692,0.0651225513183519,0,25.5,215.932235294118,50,0.1,"asymp"
9,"Qtilde(lambda=0.70,r=0.50,alpha=0.1)","qtilde",0.1,"marginal",0.7,0.5,NA,1,500,22504.542,47083.327039776,2105.63039735586,18377.5822564297,26631.5017435703,0.0935646856246114,0.04,5.5,4091.73490909091,50,0.1,"asymp"
9,"Qtilde(lambda=0.70,r=0.50,alpha=0.1)","qtilde",0.1,"marginal",0.7,0.5,NA,5,500,64797.166,78627.0675786556,3516.30935954687,57905.326296787,71689.005703213,0.0542664066441868,0.198,25.5,2541.06533333333,50,0.1,"asymp"
10,"Qtilde(lambda=0.90,r=-0.90,alpha=0.1)","qtilde",0.1,"marginal",0.9,-0.9,NA,1,500,4029.074,9172.1193644542,410.189647933235,3225.1170632197,4833.03093678031,0.101807424716755,0,5.5,732.558909090909,50,0.1,"asymp"
10,"Qtilde(lambda=0.90,r=-0.90,alpha=0.1)","qtilde",0.1,"marginal",0.9,-0.9,NA,5,500,21017.416,32364.1884176757,1447.37050677068,18180.621934444,23854.210065556,0.0688652928014883,0.006,25.5,824.212392156863,50,0.1,"asymp"
11,"Qtilde(lambda=0.90,r=-0.80,alpha=0.1)","qtilde",0.1,"marginal",0.9,-0.8,NA,1,500,1705.112,3409.38538932193,152.472349840368,1406.27168567469,2003.95231432531,0.0894207241755195,0,5.5,310.020363636364,50,0.1,"asymp"
11,"Qtilde(lambda=0.90,r=-0.80,alpha=0.1)","qtilde",0.1,"marginal",0.9,-0.8,NA,5,500,8452.902,13665.2761196856,611.129726698433,7255.10974578927,9650.69425421073,0.0722982150625232,0,25.5,331.486352941176,50,0.1,"asymp"
12,"Qtilde(lambda=0.90,r=-0.50,alpha=0.1)","qtilde",0.1,"marginal",0.9,-0.5,NA,1,500,557.25,1139.56892998729,50.9630718499657,457.36421463254,657.13578536746,0.0914545928218317,0,5.5,101.318181818182,50,0.1,"asymp"
12,"Qtilde(lambda=0.90,r=-0.50,alpha=0.1)","qtilde",0.1,"marginal",0.9,-0.5,NA,5,500,2642.588,3609.04249264031,161.40128694458,2326.24729053021,2958.92870946979,0.0610769771695702,0,25.5,103.630901960784,50,0.1,"asymp"
13,"Qtilde(lambda=0.90,r=0.50,alpha=0.1)","qtilde",0.1,"marginal",0.9,0.5,NA,1,500,490.874,1052.07379811368,47.0501705985718,398.657360160334,583.090639839666,0.0958497915933046,0,5.5,89.2498181818182,50,0.1,"asymp"
13,"Qtilde(lambda=0.90,r=0.50,alpha=0.1)","qtilde",0.1,"marginal",0.9,0.5,NA,5,500,2361.39,3565.9430744082,159.473822365427,2048.82705168683,2673.95294831317,0.0675338772356225,0,25.5,92.6035294117647,50,0.1,"asymp"
14,"Qbar(lambda=0.80,r=1.00,alpha=0.1)","qbar",0.1,"marginal",0.8,1,NA,1,500,2084.206,5380.7722072819,240.635448538478,1612.56918746094,2555.84281253906,0.115456652815738,0,5.5,378.946545454545,50,0.1,"asymp"
14,"Qbar(lambda=0.80,r=1.00,alpha=0.1)","qbar",0.1,"marginal",0.8,1,NA,5,500,11460.192,24592.8081968113,1099.82381771368,9304.57692794184,13615.8070720582,0.0959690568634173,0.006,25.5,449.419294117647,50,0.1,"asymp"
15,"Qbar(lambda=0.80,r=2.00,alpha=0.1)","qbar",0.1,"marginal",0.8,2,NA,1,500,26267.716,53147.3926985383,2376.82365801615,21609.2272326856,30926.2047673144,0.0904845955398693,0.052,5.5,4775.94836363636,50,0.1,"asymp"
15,"Qbar(lambda=0.80,r=2.00,alpha=0.1)","qbar",0.1,"marginal",0.8,2,NA,5,500,64497.852,79293.0908533918,3546.09482588502,57547.6338555015,71448.0701444985,0.0549800453181762,0.208,25.5,2529.32752941176,50,0.1,"asymp"
16,"Qbar(lambda=0.90,r=1.00,alpha=0.1)","qbar",0.1,"marginal",0.9,1,NA,1,500,223.968,508.119598153875,22.7237992434388,179.430171890941,268.505828109059,0.101460026626299,0,5.5,40.7214545454545,50,0.1,"asymp"
16,"Qbar(lambda=0.90,r=1.00,alpha=0.1)","qbar",0.1,"marginal",0.9,1,NA,5,500,1062.978,1591.58822805755,71.1779894025025,923.471704279121,1202.48429572088,0.0669609243112299,0,25.5,41.6854117647059,50,0.1,"asymp"
17,"Qbar(lambda=0.90,r=2.00,alpha=0.1)","qbar",0.1,"marginal",0.9,2,NA,1,500,1467.26,3803.90566931964,170.115833131911,1133.83909386143,1800.68090613857,0.115941164573362,0,5.5,266.774545454545,50,0.1,"asymp"
17,"Qbar(lambda=0.90,r=2.00,alpha=0.1)","qbar",0.1,"marginal",0.9,2,NA,5,500,7997.008,17392.6277035071,777.821957047757,6472.50497780193,9521.51102219806,0.0972641214123779,0.002,25.5,313.608156862745,50,0.1,"asymp"
18,"Qbar(lambda=0.95,r=1.00,alpha=0.1)","qbar",0.1,"marginal",0.95,1,NA,1,500,67.558,119.362193774265,5.33803958445518,57.0956346664187,78.0203653335813,0.0790141742570114,0,5.5,12.2832727272727,50,0.1,"asymp"
18,"Qbar(lambda=0.95,r=1.00,alpha=0.1)","qbar",0.1,"marginal",0.95,1,NA,5,500,332.064,407.104916120475,18.2062853283946,296.380336464087,367.747663535913,0.0548276396369213,0,25.5,13.0221176470588,50,0.1,"asymp"
19,"Qbar(lambda=0.95,r=2.00,alpha=0.1)","qbar",0.1,"marginal",0.95,2,NA,1,500,313.608,673.311823719085,30.1114201578046,254.59070096735,372.62529903265,0.096016109786117,0,5.5,57.0196363636364,50,0.1,"asymp"
19,"Qbar(lambda=0.95,r=2.00,alpha=0.1)","qbar",0.1,"marginal",0.95,2,NA,5,500,1608.486,2419.18285567304,108.18914630574,1396.43916972262,1820.53283027738,0.067261478375155,0,25.5,63.0778823529412,50,0.1,"asymp"
1,"raw P_t alpha=0.05","p_shewhart",0.05,"marginal",NA,NA,NA,1,500,109.8,220.795156201407,9.87425956738062,90.4468068739339,129.153193126066,0.0899295042566541,0,10.5,10.4571428571429,100,0.05,"asymp"
1,"raw P_t alpha=0.05","p_shewhart",0.05,"marginal",NA,NA,NA,5,500,517.54,619.854447004248,27.7207335931408,463.208360532414,571.871639467586,0.0535624948663693,0,50.5,10.2483168316832,100,0.05,"asymp"
2,"Qtilde(lambda=0.50,r=-0.90,alpha=0.05)","qtilde",0.05,"marginal",0.5,-0.9,NA,1,500,33819.78,57422.7676968948,2568.02424052872,28786.5449771379,38853.0150228621,0.0759326122325076,0.06,10.5,3220.93142857143,100,0.05,"asymp"
2,"Qtilde(lambda=0.50,r=-0.90,alpha=0.05)","qtilde",0.05,"marginal",0.5,-0.9,NA,5,500,78572.472,80497.0125161503,3599.93583943527,71516.7274080519,85628.2165919481,0.0458167567826461,0.238,50.5,1555.89053465347,100,0.05,"asymp"
3,"Qtilde(lambda=0.50,r=-0.80,alpha=0.05)","qtilde",0.05,"marginal",0.5,-0.8,NA,1,500,16675.41,36208.2064777942,1619.28022055392,13501.6790868362,19849.1409131638,0.09710587149305,0.016,10.5,1588.13428571429,100,0.05,"asymp"
3,"Qtilde(lambda=0.50,r=-0.80,alpha=0.05)","qtilde",0.05,"marginal",0.5,-0.8,NA,5,500,55111.876,68751.0369401168,3074.63984243401,49085.6926433974,61138.0593566026,0.0557890615524321,0.112,50.5,1091.32427722772,100,0.05,"asymp"
4,"Qtilde(lambda=0.50,r=-0.50,alpha=0.05)","qtilde",0.05,"marginal",0.5,-0.5,NA,1,500,12072.192,29344.0568134619,1312.30611541033,9500.11927710408,14644.2647228959,0.108704874426312,0.012,10.5,1149.73257142857,100,0.05,"asymp"
4,"Qtilde(lambda=0.50,r=-0.50,alpha=0.05)","qtilde",0.05,"marginal",0.5,-0.5,NA,5,500,45052.99,61149.485306488,2734.68811868864,39693.0997784207,50412.8802215793,0.0606993702013704,0.074,50.5,892.138415841584,100,0.05,"asymp"
5,"Qtilde(lambda=0.50,r=0.50,alpha=0.05)","qtilde",0.05,"marginal",0.5,0.5,NA,1,500,157550.168,76733.6537733906,3431.63331998469,150824.290284682,164276.045715318,0.0217812101602119,0.744,10.5,15004.7779047619,100,0.05,"asymp"
5,"Qtilde(lambda=0.50,r=0.50,alpha=0.05)","qtilde",0.05,"marginal",0.5,0.5,NA,5,500,175296.144,61381.2919544322,2745.05482713742,169915.935403223,180676.352596777,0.0156595277254782,0.844,50.5,3471.21077227723,100,0.05,"asymp"
6,"Qtilde(lambda=0.70,r=-0.90,alpha=0.05)","qtilde",0.05,"marginal",0.7,-0.9,NA,1,500,19939.542,41852.922795299,1871.71960854678,16271.0389780909,23608.0450219091,0.0938697392621545,0.022,10.5,1899.004,100,0.05,"asymp"
6,"Qtilde(lambda=0.70,r=-0.90,alpha=0.05)","qtilde",0.05,"marginal",0.7,-0.9,NA,5,500,63688.476,73553.1931963267,3289.39879898323,57241.3728232036,70135.5791767964,0.0516482573548036,0.156,50.5,1261.15794059406,100,0.05,"asymp"
7,"Qtilde(lambda=0.70,r=-0.80,alpha=0.05)","qtilde",0.05,"marginal",0.7,-0.8,NA,1,500,8091.524,20050.9182251779,896.704323255742,6334.01582163738,9849.03217836262,0.110820201887276,0.002,10.5,770.621333333333,100,0.05,"asymp"
7,"Qtilde(lambda=0.70,r=-0.80,alpha=0.05)","qtilde",0.05,"marginal",0.7,-0.8,NA,5,500,37999.878,54681.3366357816,2445.42371636314,33206.9355889881,42792.8204110119,0.0643534623022512,0.05,50.5,752.472831683168,100,0.05,"asymp"
8,"Qtilde(lambda=0.70,r=-0.50,alpha=0.05)","qtilde",0.05,"marginal",0.7,-0.5,NA,1,500,3609.424,8289.45478819899,370.715688056481,2882.83460290531,4336.01339709469,0.102707714044258,0,10.5,343.754666666667,100,0.05,"asymp"
8,"Qtilde(lambda=0.70,r=-0.50,alpha=0.05)","qtilde",0.05,"marginal",0.7,-0.5,NA,5,500,18595.394,29705.4902589034,1328.46991047732,15991.6408209193,21199.1471790807,0.0714408046679365,0.002,50.5,368.225623762376,100,0.05,"asymp"
9,"Qtilde(lambda=0.70,r=0.50,alpha=0.05)","qtilde",0.05,"marginal",0.7,0.5,NA,1,500,89203.812,89719.8521698706,4012.39376766126,81339.664723591,97067.959276409,0.0449800706685187,0.348,10.5,8495.60114285714,100,0.05,"asymp"
9,"Qtilde(lambda=0.70,r=0.50,alpha=0.05)","qtilde",0.05,"marginal",0.7,0.5,NA,5,500,126249.582,87319.2649503087,3905.0362434841,118595.851604448,133903.312395552,0.0309310825558543,0.54,50.5,2499.99172277228,100,0.05,"asymp"
10,"Qtilde(lambda=0.90,r=-0.90,alpha=0.05)","qtilde",0.05,"marginal",0.9,-0.9,NA,1,500,13032.446,30837.5612468689,1379.09766416624,10329.4642470709,15735.4277529291,0.105820324455305,0.012,10.5,1241.18533333333,100,0.05,"asymp"
10,"Qtilde(lambda=0.90,r=-0.90,alpha=0.05)","qtilde",0.05,"marginal",0.9,-0.9,NA,5,500,50863.956,63933.8335009118,2859.20795540384,45260.0113830981,56467.9006169019,0.0562128505184269,0.088,50.5,1007.20704950495,100,0.05,"asymp"
11,"Qtilde(lambda=0.90,r=-0.80,alpha=0.05)","qtilde",0.05,"marginal",0.9,-0.8,NA,1,500,4893.922,11589.0304931629,518.277199520602,3878.11735493134,5909.72664506866,0.105902219022004,0,10.5,466.08780952381,100,0.05,"asymp"
11,"Qtilde(lambda=0.90,r=-0.80,alpha=0.05)","qtilde",0.05,"marginal",0.9,-0.8,NA,5,500,23796.118,36641.001559546,1638.63540501641,20584.4516223756,27007.7843776244,0.0688614590420341,0.012,50.5,471.210257425743,100,0.05,"asymp"
12,"Qtilde(lambda=0.90,r=-0.50,alpha=0.05)","qtilde",0.05,"marginal",0.9,-0.5,NA,1,500,1686.848,3781.41045364476,169.10981650356,1355.39885022085,2018.29714977915,0.100251958981224,0,10.5,160.65219047619,100,0.05,"asymp"
12,"Qtilde(lambda=0.90,r=-0.50,alpha=0.05)","qtilde",0.05,"marginal",0.9,-0.5,NA,5,500,8355.864,12560.856374277,561.738574169897,7254.87662590012,9456.85137409988,0.0672268689593197,0,50.5,165.462653465347,100,0.05,"asymp"
13,"Qtilde(lambda=0.90,r=0.50,alpha=0.05)","qtilde",0.05,"marginal",0.9,0.5,NA,1,500,3213.068,7793.10480877147,348.51824216387,2529.98479740361,3896.15120259639,0.108468990436514,0,10.5,306.006476190476,100,0.05,"asymp"
13,"Qtilde(lambda=0.90,r=0.50,alpha=0.05)","qtilde",0.05,"marginal",0.9,0.5,NA,5,500,17965.998,31877.0745186212,1425.58611094927,15171.9005656789,20760.0954343211,0.0793491188716189,0.006,50.5,355.762336633663,100,0.05,"asymp"
14,"Qbar(lambda=0.80,r=1.00,alpha=0.05)","qbar",0.05,"marginal",0.8,1,NA,1,500,38983.494,65409.9726100819,2925.22290325085,33250.1624628766,44716.8255371234,0.0750374736356584,0.1,10.5,3712.71371428571,100,0.05,"asymp"
14,"Qbar(lambda=0.80,r=1.00,alpha=0.05)","qbar",0.05,"marginal",0.8,1,NA,5,500,82524.43,85782.3786538477,3836.30459883261,75005.4111525627,90043.4488474373,0.0464868960480261,0.292,50.5,1634.14712871287,100,0.05,"asymp"
15,"Qbar(lambda=0.80,r=2.00,alpha=0.05)","qbar",0.05,"marginal",0.8,2,NA,1,500,107851.162,92874.1979989904,4153.46040163035,99710.5292015912,115991.794798409,0.0385110398868985,0.468,10.5,10271.5392380952,100,0.05,"asymp"
15,"Qbar(lambda=0.80,r=2.00,alpha=0.05)","qbar",0.05,"marginal",0.8,2,NA,5,500,138447.67,85000.0380825866,3801.31726485469,130997.225067075,145898.114932925,0.0274567081183431,0.626,50.5,2741.53801980198,100,0.05,"asymp"
16,"Qbar(lambda=0.90,r=1.00,alpha=0.05)","qbar",0.05,"marginal",0.9,1,NA,1,500,3181.252,10267.1813997946,459.162310945244,2281.31040748914,4081.19359251086,0.144333838044029,0,10.5,302.976380952381,100,0.05,"asymp"
16,"Qbar(lambda=0.90,r=1.00,alpha=0.05)","qbar",0.05,"marginal",0.9,1,NA,5,500,13788.196,27198.173046654,1216.33927592242,11404.2148262105,16172.1771737895,0.0882159838692761,0,50.5,273.033584158416,100,0.05,"asymp"
17,"Qbar(lambda=0.90,r=2.00,alpha=0.05)","qbar",0.05,"marginal",0.9,2,NA,1,500,37998.912,65151.1868275809,2913.64965122519,32288.2636200309,43709.5603799691,0.0766771862106261,0.098,10.5,3618.944,100,0.05,"asymp"
17,"Qbar(lambda=0.90,r=2.00,alpha=0.05)","qbar",0.05,"marginal",0.9,2,NA,5,500,80991.756,85573.4160286833,3826.95950614012,73491.0531976722,88492.4588023278,0.0472512227805027,0.286,50.5,1603.79714851485,100,0.05,"asymp"
18,"Qbar(lambda=0.95,r=1.00,alpha=0.05)","qbar",0.05,"marginal",0.95,1,NA,1,500,539.694,1047.90077030835,46.8635471216771,447.843135453717,631.544864546283,0.0868335522012049,0,10.5,51.3994285714286,100,0.05,"asymp"
18,"Qbar(lambda=0.95,r=1.00,alpha=0.05)","qbar",0.05,"marginal",0.95,1,NA,5,500,2643.108,4132.03993693392,184.790443694564,2280.92538567148,3005.29061432852,0.0699140722568142,0,50.5,52.3387722772277,100,0.05,"asymp"
19,"Qbar(lambda=0.95,r=2.00,alpha=0.05)","qbar",0.05,"marginal",0.95,2,NA,1,500,7988.138,22747.5916081439,1017.30322320427,5994.26032116312,9982.01567883688,0.127351733683653,0.004,10.5,760.775047619048,100,0.05,"asymp"
19,"Qbar(lambda=0.95,r=2.00,alpha=0.05)","qbar",0.05,"marginal",0.95,2,NA,5,500,32064.946,53797.4557881098,2405.89536317506,27349.477737605,36780.414262395,0.0750319480711135,0.052,50.5,634.949425742574,100,0.05,"asymp"
1,"raw P_t alpha=0.1","p_shewhart",0.1,"marginal",NA,NA,NA,1,500,28.462,46.2188806209291,2.0669711782469,24.4108109335538,32.5131890664463,0.0726221340119072,0,5.5,5.17490909090909,100,0.1,"asymp"
1,"raw P_t alpha=0.1","p_shewhart",0.1,"marginal",NA,NA,NA,5,500,145.87,166.199873332658,7.43268429247356,131.302206478295,160.437793521705,0.0509541666721983,0,25.5,5.72039215686275,100,0.1,"asymp"
2,"Qtilde(lambda=0.50,r=-0.90,alpha=0.1)","qtilde",0.1,"marginal",0.5,-0.9,NA,1,500,12893.528,29168.0746760191,1304.43595496738,10336.8805081248,15450.1754918752,0.101169823726088,0.008,5.5,2344.27781818182,100,0.1,"asymp"
2,"Qtilde(lambda=0.50,r=-0.90,alpha=0.1)","qtilde",0.1,"marginal",0.5,-0.9,NA,5,500,39517.784,57212.5820191673,2558.62445126281,34502.9722255613,44532.5957744387,0.0647461520429082,0.054,25.5,1549.71701960784,100,0.1,"asymp"
3,"Qtilde(lambda=0.50,r=-0.80,alpha=0.1)","qtilde",0.1,"marginal",0.5,-0.8,NA,1,500,4634.172,11367.628941601,508.375821128275,3637.7736999776,5630.5703000224,0.109701543474924,0,5.5,842.576727272727,100,0.1,"asymp"
3,"Qtilde(lambda=0.50,r=-0.80,alpha=0.1)","qtilde",0.1,"marginal",0.5,-0.8,NA,5,500,20186.016,35144.1863320468,1571.69579304751,17105.5488509738,23266.4831490262,0.0778606235647249,0.01,25.5,791.608470588235,100,0.1,"asymp"
4,"Qtilde(lambda=0.50,r=-0.50,alpha=0.1)","qtilde",0.1,"marginal",0.5,-0.5,NA,1,500,2877.016,7062.88236503686,315.861701706138,2257.93844056044,3496.09355943956,0.109787954500822,0,5.5,523.093818181818,100,0.1,"asymp"
4,"Qtilde(lambda=0.50,r=-0.50,alpha=0.1)","qtilde",0.1,"marginal",0.5,-0.5,NA,5,500,12568.894,22368.9777331109,1000.3710959683,10608.2026807273,14529.5853192727,0.0795910201779332,0,25.5,492.897803921569,100,0.1,"asymp"
5,"Qtilde(lambda=0.50,r=0.50,alpha=0.1)","qtilde",0.1,"marginal",0.5,0.5,NA,1,500,107761.486,91687.2192125579,4100.37709654408,99724.8945677407,115798.077432259,0.0380504876904174,0.45,5.5,19592.9974545455,100,0.1,"asymp"
5,"Qtilde(lambda=0.50,r=0.50,alpha=0.1)","qtilde",0.1,"marginal",0.5,0.5,NA,5,500,139291.314,85279.8952075144,3813.83285596121,131816.33895926,146766.28904074,0.027380263323248,0.63,25.5,5462.40447058824,100,0.1,"asymp"
6,"Qtilde(lambda=0.70,r=-0.90,alpha=0.1)","qtilde",0.1,"marginal",0.7,-0.9,NA,1,500,5611.612,12976.2499046771,580.315537597665,4474.21444663958,6749.00955336042,0.103413339624633,0,5.5,1020.29309090909,100,0.1,"asymp"
6,"Qtilde(lambda=0.70,r=-0.90,alpha=0.1)","qtilde",0.1,"marginal",0.7,-0.9,NA,5,500,25940.556,41916.9612022595,1874.58349316947,22266.4398673746,29614.6721326254,0.0722645841966329,0.014,25.5,1017.27670588235,100,0.1,"asymp"
7,"Qtilde(lambda=0.70,r=-0.80,alpha=0.1)","qtilde",0.1,"marginal",0.7,-0.8,NA,1,500,2319.722,4910.03628636111,219.583498165881,1889.34625199556,2750.09774800444,0.094659402361956,0,5.5,421.767636363636,100,0.1,"asymp"
7,"Qtilde(lambda=0.70,r=-0.80,alpha=0.1)","qtilde",0.1,"marginal",0.7,-0.8,NA,5,500,10839.074,18508.4058932676,827.721074650083,9216.77050444105,12461.377495559,0.0763645561096901,0,25.5,425.061725490196,100,0.1,"asymp"
8,"Qtilde(lambda=0.70,r=-0.50,alpha=0.1)","qtilde",0.1,"marginal",0.7,-0.5,NA,1,500,931.784,1963.66841208215,87.817921093695,759.664037459178,1103.90396254082,0.0942470798958717,0,5.5,169.415272727273,100,0.1,"asymp"
8,"Qtilde(lambda=0.70,r=-0.50,alpha=0.1)","qtilde",0.1,"marginal",0.7,-0.5,NA,5,500,4520.49,7094.12156107764,317.258761024331,3898.67425461251,5142.30574538749,0.0701823831098688,0,25.5,177.274117647059,100,0.1,"asymp"
9,"Qtilde(lambda=0.70,r=0.50,alpha=0.1)","qtilde",0.1,"marginal",0.7,0.5,NA,1,500,16916.656,40048.9433257944,1791.04319407025,13406.2758448667,20427.0361551333,0.105874541284652,0.026,5.5,3075.75563636364,100,0.1,"asymp"
9,"Qtilde(lambda=0.70,r=0.50,alpha=0.1)","qtilde",0.1,"marginal",0.7,0.5,NA,5,500,51496.772,71996.1763636235,3219.76688938251,45186.1448581957,57807.3991418043,0.0625236643839057,0.14,25.5,2019.48125490196,100,0.1,"asymp"
10,"Qtilde(lambda=0.90,r=-0.90,alpha=0.1)","qtilde",0.1,"marginal",0.9,-0.9,NA,1,500,3664.896,9692.57066424313,433.464937639359,2815.32033366596,4514.47166633404,0.118274826254103,0,5.5,666.344727272727,100,0.1,"asymp"
10,"Qtilde(lambda=0.90,r=-0.90,alpha=0.1)","qtilde",0.1,"marginal",0.9,-0.9,NA,5,500,17074.688,28615.4589119262,1279.72222668838,14566.4785254754,19582.8974745246,0.0749484984257624,0.002,25.5,669.595607843137,100,0.1,"asymp"
11,"Qtilde(lambda=0.90,r=-0.80,alpha=0.1)","qtilde",0.1,"marginal",0.9,-0.8,NA,1,500,1337.024,2676.47367595876,119.695541588651,1102.42504937623,1571.62295062377,0.0895238541631644,0,5.5,243.095272727273,100,0.1,"asymp"
11,"Qtilde(lambda=0.90,r=-0.80,alpha=0.1)","qtilde",0.1,"marginal",0.9,-0.8,NA,5,500,6443.924,10166.7409374293,454.670476914439,5552.78624041405,7335.06175958595,0.070558013551128,0,25.5,252.702901960784,100,0.1,"asymp"
12,"Qtilde(lambda=0.90,r=-0.50,alpha=0.1)","qtilde",0.1,"marginal",0.9,-0.5,NA,1,500,422.78,820.395405180748,36.6891978882527,350.870493517362,494.689506482638,0.0867808266432961,0,5.5,76.8690909090909,100,0.1,"asymp"
12,"Qtilde(lambda=0.90,r=-0.50,alpha=0.1)","qtilde",0.1,"marginal",0.9,-0.5,NA,5,500,2233.558,3447.97183779457,154.197988276271,1931.33549648998,2535.78050351002,0.0690369304384621,0,25.5,87.5905098039216,100,0.1,"asymp"
13,"Qtilde(lambda=0.90,r=0.50,alpha=0.1)","qtilde",0.1,"marginal",0.9,0.5,NA,1,500,389.654,857.155714045144,38.3331688781462,314.522369585542,464.785630414458,0.0983774550707711,0,5.5,70.8461818181818,100,0.1,"asymp"
13,"Qtilde(lambda=0.90,r=0.50,alpha=0.1)","qtilde",0.1,"marginal",0.9,0.5,NA,5,500,1943.154,3149.59406588273,140.854128656874,1667.08498075875,2219.22301924124,0.072487372929204,0,25.5,76.2021176470588,100,0.1,"asymp"
14,"Qbar(lambda=0.80,r=1.00,alpha=0.1)","qbar",0.1,"marginal",0.8,1,NA,1,500,1802.058,6573.41217312833,293.971929264791,1225.88360617525,2378.23239382475,0.16313122511306,0,5.5,327.646909090909,100,0.1,"asymp"
14,"Qbar(lambda=0.80,r=1.00,alpha=0.1)","qbar",0.1,"marginal",0.8,1,NA,5,500,8535.466,19378.1513904569,866.617275746874,6836.92735115591,10234.0046488441,0.101531337099448,0.002,25.5,334.724156862745,100,0.1,"asymp"
15,"Qbar(lambda=0.80,r=2.00,alpha=0.1)","qbar",0.1,"marginal",0.8,2,NA,1,500,19367.552,45853.1618329582,2050.61573683587,15348.4190096706,23386.6849903294,0.105878932806576,0.034,5.5,3521.37309090909,100,0.1,"asymp"
15,"Qbar(lambda=0.80,r=2.00,alpha=0.1)","qbar",0.1,"marginal",0.8,2,NA,5,500,53852.392,74247.866522889,3320.46553459021,47344.3991402966,60360.3848597034,0.0616586452573957,0.154,25.5,2111.85850980392,100,0.1,"asymp"
16,"Qbar(lambda=0.90,r=1.00,alpha=0.1)","qbar",0.1,"marginal",0.9,1,NA,1,500,170.512,362.363951190298,16.2054085491384,138.749982888931,202.274017111069,0.0950396954416019,0,5.5,31.0021818181818,100,0.1,"asymp"
16,"Qbar(lambda=0.90,r=1.00,alpha=0.1)","qbar",0.1,"marginal",0.9,1,NA,5,500,828.498,1341.67712995269,60.0016253286205,710.896975342038,946.099024657962,0.0724221728098565,0,25.5,32.4901176470588,100,0.1,"asymp"
17,"Qbar(lambda=0.90,r=2.00,alpha=0.1)","qbar",0.1,"marginal",0.9,2,NA,1,500,1197.516,3756.65129865727,168.002553431211,868.237045964061,1526.79495403594,0.140292533403487,0,5.5,217.730181818182,100,0.1,"asymp"
17,"Qbar(lambda=0.90,r=2.00,alpha=0.1)","qbar",0.1,"marginal",0.9,2,NA,5,500,6365.276,15289.5116095427,683.767746034193,5025.11584398285,7705.43615601715,0.107421539307045,0,25.5,249.618666666667,100,0.1,"asymp"
18,"Qbar(lambda=0.95,r=1.00,alpha=0.1)","qbar",0.1,"marginal",0.95,1,NA,1,500,57.292,102.358826657937,4.57762589008529,48.3200181207347,66.2639818792653,0.0798999143001692,0,5.5,10.4167272727273,100,0.1,"asymp"
18,"Qbar(lambda=0.95,r=1.00,alpha=0.1)","qbar",0.1,"marginal",0.95,1,NA,5,500,291.646,388.811457370749,17.3881769822351,257.565799358011,325.726200641989,0.0596208313579995,0,25.5,11.4370980392157,100,0.1,"asymp"
19,"Qbar(lambda=0.95,r=2.00,alpha=0.1)","qbar",0.1,"marginal",0.95,2,NA,1,500,254.894,565.422057378327,25.2864431255145,205.333482176871,304.454517823129,0.0992037597021291,0,5.5,46.3443636363636,100,0.1,"asymp"
19,"Qbar(lambda=0.95,r=2.00,alpha=0.1)","qbar",0.1,"marginal",0.95,2,NA,5,500,1277.448,2220.07769170595,99.2848926797065,1082.85318613885,1472.04281386115,0.0777212792064386,0,25.5,50.096,100,0.1,"asymp"
